,,Children aged < 5 years overweight (%),Children aged < 5 years overweight (%),Children aged < 5 years overweight (%),Children aged < 5 years underweight (%),Children aged < 5 years underweight (%),Children aged < 5 years underweight (%),Children aged < 5 years wasted for age (%),Children aged < 5 years wasted for age (%),Children aged < 5 years wasted for age (%),Children aged < 5 years stunted (%),"Children aged &lt;5 years stunted (%)","Children aged &lt;5 years stunted (%)"""
Country,Year, Both sexes, Female, Male, Both sexes, Female, Male, Both sexes, Female, Male, Both sexes, Female," Male"""
Afghanistan,2004,4.6,2.6,6.3,32.9,33.0,32.7,8.6,9.3,7.9,59.3,58.5,60.0
Afghanistan,1997,6.5,2.6,6.3,44.9,33.0,32.7,18.2,9.3,7.9,53.2,58.5,60.0
Albania,2005,25.2,25.2,25.1,6.6,5.8,7.3,7.3,7.4,7.3,27.0,23.8,29.6
Albania,2000,30.0,30.6,29.4,17.0,14.2,19.6,12.2,11.5,12.9,39.2,38.1,40.4
Albania,2008,22.0,26.4,25.9,9.2,11.2,11.2,9.2,8.7,10.6,27.4,28.4,30.9
Albania,2009,22.0,26.4,25.9,9.2,11.2,11.2,9.2,8.7,10.6,27.4,28.4,30.9
Albania,1996,22.0,26.4,25.9,9.2,11.2,11.2,9.2,8.7,10.6,27.4,28.4,30.9
Albania,1997,22.0,26.4,25.9,9.2,11.2,11.2,9.2,8.7,10.6,27.4,28.4,30.9
Albania,1998,22.0,26.4,25.9,9.2,11.2,11.2,9.2,8.7,10.6,27.4,28.4,30.9
Algeria,2005,12.9,12.4,13.4,3.7,3.7,3.7,4.0,4.1,3.9,15.9,15.0,16.7
Algeria,2002,14.7,14.0,15.3,11.1,9.6,12.7,9.6,9.3,10.0,23.3,21.5,25.1
Algeria,2000,14.7,15.4,14.1,5.4,5.6,5.3,3.1,2.9,3.3,23.6,22.2,24.9
Algeria,1995,13.2,12.5,13.8,11.3,10.4,12.2,9.6,9.4,9.7,22.5,22.0,22.9
Algeria,1992,8.7,8.4,9.0,9.2,8.6,9.8,7.1,7.2,7.0,22.9,22.7,23.1
Algeria,1987,12.8,12.4,13.1,8.0,6.8,7.8,4.0,6.1,6.4,16.9,19.0,20.9
Algeria,2012,12.8,12.4,13.1,7.4,7.8,7.8,5.9,6.1,6.4,19.5,19.0,20.9
Algeria,2013,12.8,12.4,13.1,7.4,7.8,7.8,5.9,6.1,6.4,19.5,19.0,20.9
Angola,2007,3.5,3.3,3.6,15.6,14.6,16.6,8.2,8.1,8.2,29.2,26.1,32.4
Angola,2001,5.3,5.5,5.1,27.5,25.6,29.4,7.7,6.9,8.6,50.8,47.3,54.5
Angola,1996,1.6,1.1,2.1,37.0,35.7,38.2,8.6,8.9,8.3,61.7,60.0,63.4
Argentina,1994,11.1,9.5,10.2,1.7,2.2,2.4,1.6,1.4,1.1,7.1,8.1,8.2
Argentina,2004,11.5,9.5,10.2,2.9,2.4,2.4,2.3,1.4,1.1,10.7,8.1,8.2
Argentina,2005,11.5,9.5,10.2,2.9,2.4,2.4,2.3,1.4,1.1,10.7,8.1,8.2
Argentina,1995,11.5,9.5,10.2,2.9,2.4,2.4,2.3,1.4,1.1,10.7,8.1,8.2
Argentina,1996,11.5,9.5,10.2,2.9,2.4,2.4,2.3,1.4,1.1,10.7,8.1,8.2
Armenia,2010,16.8,14.6,18.8,5.3,5.9,4.7,4.2,3.3,4.9,20.8,19.9,21.7
Armenia,2005,11.7,9.1,13.9,4.2,5.2,3.4,5.5,5.1,5.8,18.2,17.4,18.8
Armenia,1998,10.8,11.4,10.4,2.7,2.6,2.8,3.3,2.1,4.3,15.1,15.9,14.5
Armenia,2000,13.8,11.5,15.7,3.7,3.5,3.5,3.9,3.2,4.4,17.9,17.6,18.3
Armenia,2001,13.8,11.5,15.7,3.7,3.5,3.5,3.9,3.2,4.4,17.9,17.6,18.3
Australia,2007,8.0,0.0,0.0,0.2,0.0,0.0,0.0,0.0,0.0,1.8,0.0,0.0
Australia,1995,8.1,0,0,0.1,0,0,0.0,0,0,0.9,0,0
Australia,1996,8.1,0,0,0.1,0,0,0.0,0,0,0.9,0,0
Azerbaijan,2013,13.0,9.2,10.8,4.9,4.9,4.9,3.1,2.0,4.0,18.0,17.7,18.2
Azerbaijan,2006,13.9,12.7,14.9,8.4,8.0,8.7,6.8,5.7,7.8,26.8,24.9,28.5
Azerbaijan,2001,4.4,9.2,10.8,5.9,9.3,8.9,3.2,5.4,7.0,18.0,22.1,23.7
Azerbaijan,2000,6.2,5.7,6.7,14.0,15.0,13.2,9.0,8.6,9.3,24.1,23.8,24.4
Azerbaijan,1996,6.1,9.2,10.8,8.8,9.3,8.9,3.8,5.4,7.0,28.0,22.1,23.7
Bahrain,1995,7.5,0.0,0.0,7.6,0.0,0.0,6.6,0.0,0.0,13.6,0.0,0.0
Bahrain,1989,7.5,0.0,0.0,6.3,0.0,0.0,6.8,0.0,0.0,13.9,0.0,0.0
Bangladesh,2014,1.4,0.7,0.8,32.6,46.4,45.8,14.3,13.2,15.6,36.1,53.8,54.9
Bangladesh,2013,2.6,2.0,3.0,35.1,36.9,33.4,18.1,18.0,18.2,38.7,37.8,39.6
Bangladesh,2011,1.9,2.1,1.7,36.8,38.8,34.8,15.7,15.3,16.0,41.4,42.1,40.7
Bangladesh,2007,1.1,1.0,1.2,41.3,42.4,40.2,17.5,16.5,18.4,43.2,42.6,43.8
Bangladesh,2006,0.7,0.5,0.8,39.8,40.4,39.3,12.4,11.3,13.4,47.0,46.6,47.4
Bangladesh,2005,0.9,0.8,0.9,39.2,39.5,38.9,12.3,11.1,13.4,47.8,47.2,48.3
Bangladesh,2004,0.9,0.9,0.9,41.5,41.7,41.3,13.7,12.8,14.6,49.6,48.8,50.4
Bangladesh,2003,0.9,0.8,1.0,40.9,41.3,40.6,13.0,11.7,14.2,49.8,49.5,50.2
Bangladesh,2002,0.9,0.8,1.0,43.1,43.1,43.1,12.9,11.9,13.9,53.5,52.1,54.9
Bangladesh,2001,0.8,0.7,0.9,45.4,44.5,46.1,13.2,11.6,14.5,55.4,54.5,56.1
Bangladesh,2000,0.8,0.7,0.8,48.2,47.3,49.0,15.0,13.4,16.4,57.2,55.5,58.8
Bangladesh,1999,0.5,0.5,0.4,52.0,50.5,53.3,14.2,12.1,16.2,62.4,60.7,63.9
Bangladesh,1998,0.2,0.2,0.3,53.3,52.8,53.7,15.6,13.8,17.2,61.8,60.7,62.9
Bangladesh,1996,0.3,0.2,0.3,56.7,56.9,56.4,16.1,14.5,17.6,66.5,66.0,67.0
Bangladesh,1995,0.2,0.2,0.3,58.0,58.6,57.4,15.7,14.2,17.1,68.5,68.5,68.4
Bangladesh,1994,0.2,0.2,0.2,61.0,61.2,60.8,17.4,15.7,19.0,70.1,69.7,70.5
Bangladesh,1993,0.4,0.3,0.4,59.0,58.9,59.0,14.6,13.2,15.9,72.1,71.7,72.5
Bangladesh,1992,0.3,0.2,0.3,63.9,63.9,63.5,17.8,14.8,18.4,71.3,74.6,74.4
Bangladesh,1991,0.3,0.2,0.3,64.3,65.5,63.1,15.8,13.9,17.6,76.7,77.3,76.1
Bangladesh,2012,0.7,0.7,0.8,46.4,45.8,45.8,14.3,13.2,15.6,53.6,53.8,54.9
Bangladesh,2013,0.7,0.7,0.8,46.4,45.8,45.8,14.3,13.2,15.6,53.6,53.8,54.9
Bangladesh,1999,0.7,0.7,0.8,46.4,45.8,45.8,14.3,13.2,15.6,53.6,53.8,54.9
Bangladesh,2000,0.7,0.7,0.8,46.4,45.8,45.8,14.3,13.2,15.6,53.6,53.8,54.9
Bangladesh,1996,0.7,0.7,0.8,46.4,45.8,45.8,14.3,13.2,15.6,53.6,53.8,54.9
Bangladesh,1997,0.7,0.7,0.8,46.4,45.8,45.8,14.3,13.2,15.6,53.6,53.8,54.9
Bangladesh,1995,0.7,0.7,0.8,46.4,45.8,45.8,14.3,13.2,15.6,53.6,53.8,54.9
Bangladesh,1996,0.7,0.7,0.8,46.4,45.8,45.8,14.3,13.2,15.6,53.6,53.8,54.9
Bangladesh,1989,0.7,0.7,0.8,46.4,45.8,45.8,14.3,13.2,15.6,53.6,53.8,54.9
Bangladesh,1990,0.7,0.7,0.8,46.4,45.8,45.8,14.3,13.2,15.6,53.6,53.8,54.9
Bangladesh,1985,0.7,0.7,0.8,46.4,45.8,45.8,14.3,13.2,15.6,53.6,53.8,54.9
Bangladesh,1986,0.7,0.7,0.8,46.4,45.8,45.8,14.3,13.2,15.6,53.6,53.8,54.9
Bangladesh,1982,0.7,0.7,0.8,46.4,45.8,45.8,14.3,13.2,15.6,53.6,53.8,54.9
Bangladesh,1983,0.7,0.7,0.8,46.4,45.8,45.8,14.3,13.2,15.6,53.6,53.8,54.9
Barbados,2012,12.2,13.3,11.3,3.5,4.7,2.5,6.8,5.0,8.3,7.7,8.9,8.9
Barbados,1981,5.7,6.3,5.1,5.3,5.7,5.0,3.9,3.7,4.1,10.2,9.2,11.2
Belarus,2005,9.7,8.1,11.3,1.3,1.0,1.5,2.2,1.6,2.8,4.5,4.2,4.7
Belize,2011,7.9,7.1,8.6,6.2,6.6,5.7,3.3,3.4,3.2,19.3,20.0,18.6
Belize,2006,13.7,11.8,15.9,4.9,5.7,4.0,1.9,1.4,2.4,22.2,20.5,24.0
Belize,1992,10.8,9.4,12.2,5.4,6.2,4.8,2.6,2.4,2.8,20.8,20.2,21.3
Benin,2014,1.7,5.4,5.9,18.0,20.3,25.4,4.5,10.5,12.8,34.0,36.2,42.7
Benin,2006,11.4,11.3,11.6,20.2,17.6,22.7,8.4,7.8,9.0,44.7,41.6,47.9
Benin,2001,3.0,2.7,3.3,21.5,19.6,23.5,9.0,7.8,10.2,39.1,37.4,40.9
Benin,1996,2.5,2.2,2.7,26.8,23.8,29.9,17.5,15.9,19.2,34.5,29.5,39.4
Bhutan,2010,7.6,7.6,7.5,12.8,12.3,13.4,5.9,5.5,6.2,33.6,33.7,33.6
Bhutan,2008,4.4,4.0,4.8,10.4,10.3,10.5,4.7,4.4,5.1,34.9,31.8,37.7
Bhutan,1999,3.9,3.3,4.6,14.1,11.5,16.7,2.5,1.8,3.3,47.7,43.4,52.1
Bhutan,1986,4.8,5.0,5.6,17.8,13.5,13.5,4.6,3.9,4.9,44.3,36.3,41.1
Bhutan,1987,4.8,5.0,5.6,17.8,13.5,13.5,4.6,3.9,4.9,44.3,36.3,41.1
Bhutan,1988,4.8,5.0,5.6,17.8,13.5,13.5,4.6,3.9,4.9,44.3,36.3,41.1
Bolivia (Plurinational State of),2008,8.7,8.1,9.2,4.5,4.0,4.9,1.4,0.8,2.0,27.2,26.2,28.1
Bolivia (Plurinational State of),1998,10.7,9.9,11.3,5.9,5.8,6.0,1.6,1.5,1.8,33.1,31.9,34.3
Bolivia (Plurinational State of),1992,8.7,8.4,8.9,10.5,6.6,8.5,2.2,1.8,3.0,36.4,32.0,35.8
Bolivia (Plurinational State of),1991,8.7,8.4,8.9,10.2,6.6,8.5,2.2,1.8,3.0,36.4,32.0,35.8
Bolivia (Plurinational State of),1990,8.7,8.4,8.9,9.7,6.6,8.5,2.2,1.8,3.0,36.4,32.0,35.8
Bolivia (Plurinational State of),1989,7.8,8.1,7.5,9.4,7.5,10.4,2.2,2.4,2.0,41.7,37.8,45.6
Bolivia (Plurinational State of),1988,8.7,8.4,8.9,9.8,6.6,8.5,2.2,1.8,3.0,36.4,32.0,35.8
Bolivia (Plurinational State of),1981,8.7,8.4,8.9,12.7,6.6,8.5,1.0,1.8,3.0,48.6,32.0,35.8
Bolivia (Plurinational State of),2003,8.7,8.4,8.9,8.4,8.5,8.5,2.2,1.8,3.0,36.4,32.0,35.8
Bolivia (Plurinational State of),2004,8.7,8.4,8.9,8.4,8.5,8.5,2.2,1.8,3.0,36.4,32.0,35.8
Bolivia (Plurinational State of),1993,8.7,8.4,8.9,8.4,8.5,8.5,2.2,1.8,3.0,36.4,32.0,35.8
Bolivia (Plurinational State of),1994,8.7,8.4,8.9,8.4,8.5,8.5,2.2,1.8,3.0,36.4,32.0,35.8
Bosnia and Herzegovina,2006,25.6,23.9,27.4,1.6,1.0,2.2,4.0,4.3,3.8,11.8,10.7,12.8
Bosnia and Herzegovina,2000,16.3,15.9,16.7,4.2,3.3,5.1,7.4,6.3,8.3,12.1,11.0,13.2
Bosnia and Herzegovina,2011,19.8,19.3,20.3,2.4,3.0,3.0,4.6,4.3,4.8,10.9,10.2,11.6
Bosnia and Herzegovina,2012,19.8,19.3,20.3,2.4,3.0,3.0,4.6,4.3,4.8,10.9,10.2,11.6
Botswana,2000,10.4,10.5,10.3,10.7,11.0,10.3,6.0,5.3,6.6,29.1,26.6,31.6
Botswana,1996,10.8,10.8,10.8,15.1,10.6,11.2,13.2,6.0,7.0,35.1,27.6,32.8
Botswana,2007,10.8,10.8,10.8,12.3,11.2,11.2,8.8,6.0,7.0,31.9,27.6,32.8
Botswana,2008,10.8,10.8,10.8,12.3,11.2,11.2,8.8,6.0,7.0,31.9,27.6,32.8
Brazil,1996,6.6,5.8,7.4,4.5,4.2,4.8,2.8,2.5,3.0,13.5,11.5,15.4
Brazil,1989,6.9,6.8,7.2,5.3,5.2,5.3,2.2,1.9,2.4,19.4,17.8,20.9
Brazil,2006,6.9,6.8,7.2,3.9,4.2,4.2,2.2,1.9,2.4,13.3,11.7,14.9
Brazil,2007,6.9,6.8,7.2,3.9,4.2,4.2,2.2,1.9,2.4,13.3,11.7,14.9
Brazil,2002,6.9,6.8,7.2,3.9,4.2,4.2,2.2,1.9,2.4,13.3,11.7,14.9
Brazil,2003,6.9,6.8,7.2,3.9,4.2,4.2,2.2,1.9,2.4,13.3,11.7,14.9
Brunei Darussalam,2009,8.3,7.8,8.9,9.6,8.5,10.8,2.9,3.0,2.7,19.7,16.7,22.8
Bulgaria,2004,13.6,12.6,14.8,1.6,1.9,1.3,3.2,3.1,3.4,8.8,12.0,5.3
Burkina Faso,2010,2.8,2.9,2.7,26.2,24.7,27.7,15.4,14.4,16.5,35.1,32.8,37.4
Burkina Faso,2009,4.0,3.8,4.1,26.0,24.7,27.1,11.3,10.7,11.9,35.1,32.0,37.9
Burkina Faso,2006,6.9,6.6,7.2,37.6,35.8,39.5,24.4,22.6,26.2,42.4,39.4,45.3
Burkina Faso,2003,5.4,5.1,5.8,35.2,33.5,36.8,21.2,20.6,21.8,43.1,40.9,45.2
Burkina Faso,1998,4.0,3.8,4.1,31.4,33.0,33.0,17.2,16.3,18.2,40.3,38.0,42.6
Burkina Faso,1999,4.0,3.8,4.1,31.4,33.0,33.0,17.2,16.3,18.2,40.3,38.0,42.6
Burkina Faso,1992,4.0,3.8,4.1,31.4,33.0,33.0,17.2,16.3,18.2,40.3,38.0,42.6
Burkina Faso,1993,4.0,3.8,4.1,31.4,33.0,33.0,17.2,16.3,18.2,40.3,38.0,42.6
Burundi,2005,1.9,1.6,2.1,35.2,30.9,34.5,9.0,6.6,8.1,57.7,54.3,60.5
Burundi,2000,1.4,1.2,1.7,38.9,38.9,38.8,8.2,7.2,9.2,63.1,60.8,65.5
Burundi,1987,1.3,1.1,1.5,30.2,27.8,32.6,7.9,7.1,8.6,51.7,49.1,54.2
Burundi,2010,1.9,1.6,2.1,33.4,34.5,34.5,7.8,6.6,8.1,57.5,54.3,60.5
Burundi,2011,1.9,1.6,2.1,33.4,34.5,34.5,7.8,6.6,8.1,57.5,54.3,60.5
Cabo Verde,1994,0.0,0.0,0.0,11.8,0.0,0.0,6.9,0.0,0.0,21.4,0.0,0.0
Cabo Verde,1985,0.0,0.0,0.0,16.5,0.0,0.0,4.3,0.0,0.0,31.9,0.0,0.0
Cabo Verde,1983,0.0,0.0,0.0,16.7,0.0,0.0,6.0,0.0,0.0,23.3,0.0,0.0
Cambodia,2014,2.0,3.4,3.0,23.9,32.4,34.9,9.6,10.8,12.5,32.4,44.7,48.1
Cambodia,2008,2.0,2.1,1.9,28.8,29.2,28.4,8.9,8.0,9.7,39.5,38.1,40.9
Cambodia,2000,4.0,3.9,4.1,39.5,38.6,40.5,16.9,15.8,18.0,49.2,48.9,49.6
Cambodia,1996,6.5,7.7,5.2,42.6,38.2,47.0,13.4,11.4,15.5,58.6,56.1,61.1
Cambodia,2010,3.0,3.4,3.0,32.0,34.9,34.9,11.3,10.8,12.5,44.1,44.7,48.1
Cambodia,2011,3.0,3.4,3.0,32.0,34.9,34.9,11.3,10.8,12.5,44.1,44.7,48.1
Cambodia,2005,3.0,3.4,3.0,32.0,34.9,34.9,11.3,10.8,12.5,44.1,44.7,48.1
Cambodia,2006,3.0,3.4,3.0,32.0,34.9,34.9,11.3,10.8,12.5,44.1,44.7,48.1
Cameroon,2014,6.7,6.7,8.4,14.8,15.6,17.5,5.2,6.1,6.8,31.7,32.9,38.1
Cameroon,2011,6.5,5.1,7.9,15.1,14.5,15.8,5.8,4.9,6.6,32.6,30.1,35.3
Cameroon,2006,9.6,9.5,9.8,16.6,14.3,18.9,7.3,6.4,8.2,36.4,33.7,39.1
Cameroon,2004,8.7,7.1,10.3,15.1,15.0,15.3,6.2,6.7,5.8,35.4,33.9,36.9
Cameroon,1998,8.2,8.3,8.2,17.8,15.7,20.1,8.5,8.4,8.7,36.7,33.2,40.3
Cameroon,1991,4.7,3.3,6.0,18.0,18.3,17.6,4.5,4.3,4.8,36.3,33.8,38.8
Canada,1970,7.6,5.2,9.6,1.8,1.8,1.8,1.1,1.1,1.2,6.4,6.5,6.4
Canada,1971,7.6,5.2,9.6,1.8,1.8,1.8,1.1,1.1,1.2,6.4,6.5,6.4
Canada,1972,7.6,5.2,9.6,1.8,1.8,1.8,1.1,1.1,1.2,6.4,6.5,6.4
Central African Republic,2006,8.5,9.1,7.9,28.0,25.4,30.6,12.2,11.1,13.3,45.1,42.5,47.7
Central African Republic,2000,10.8,10.9,10.6,21.8,19.5,24.1,10.5,9.3,11.6,44.6,42.8,46.4
Central African Republic,1995,1.5,6.3,6.3,20.4,21.8,26.5,7.8,8.7,11.0,34.6,40.0,45.2
Central African Republic,2010,5.4,6.3,6.3,23.4,26.5,26.5,9.4,8.7,11.0,41.0,40.0,45.2
Central African Republic,2011,5.4,6.3,6.3,23.4,26.5,26.5,9.4,8.7,11.0,41.0,40.0,45.2
Central African Republic,1994,5.4,6.3,6.3,23.4,26.5,26.5,9.4,8.7,11.0,41.0,40.0,45.2
Central African Republic,1995,5.4,6.3,6.3,23.4,26.5,26.5,9.4,8.7,11.0,41.0,40.0,45.2
Chad,2010,2.8,3.0,2.6,30.3,28.2,32.5,15.7,14.6,16.7,38.7,37.1,40.4
Chad,2004,4.4,4.4,4.5,33.9,32.9,35.0,16.1,14.9,17.1,44.8,44.3,45.3
Chad,2000,2.7,2.3,3.1,29.4,28.3,30.4,13.9,14.1,13.7,39.3,37.3,41.3
Chad,2014,3.0,2.9,3.2,31.3,32.8,32.8,15.0,14.0,15.9,41.5,40.1,43.0
Chad,2015,3.0,2.9,3.2,31.3,32.8,32.8,15.0,14.0,15.9,41.5,40.1,43.0
Chad,1996,3.0,2.9,3.2,31.3,32.8,32.8,15.0,14.0,15.9,41.5,40.1,43.0
Chad,1997,3.0,2.9,3.2,31.3,32.8,32.8,15.0,14.0,15.9,41.5,40.1,43.0
Chile,2014,9.3,8.7,10.0,0.5,0.4,0.6,0.3,0.2,0.3,1.8,1.6,2.1
Chile,2013,10.1,9.5,10.7,0.5,0.4,0.6,0.3,0.3,0.3,1.8,1.6,2.0
Chile,2008,9.5,9.1,9.8,0.5,0.5,0.6,0.3,0.2,0.3,2.0,1.8,2.2
Chile,2007,9.8,9.1,10.2,0.6,0.4,0.6,0.3,0.2,0.3,2.1,1.7,2.1
Chile,2006,11.7,9.1,10.2,0.6,0.4,0.6,0.5,0.2,0.3,2.2,1.7,2.1
Chile,2004,12.1,9.1,10.2,0.6,0.4,0.6,0.5,0.2,0.3,2.4,1.7,2.1
Chile,2003,12.1,9.1,10.2,0.6,0.4,0.6,0.5,0.2,0.3,2.5,1.7,2.1
Chile,2002,12.0,9.1,10.2,0.7,0.4,0.6,0.5,0.2,0.3,2.5,1.7,2.1
Chile,2001,12.9,9.1,10.2,0.7,0.4,0.6,0.5,0.2,0.3,2.8,1.7,2.1
Chile,1999,11.9,9.1,10.2,0.7,0.4,0.6,0.5,0.2,0.3,3.1,1.7,2.1
Chile,1998,11.2,9.1,10.2,0.7,0.4,0.6,0.6,0.2,0.3,3.3,1.7,2.1
Chile,1996,10.7,9.1,10.2,0.7,0.4,0.6,0.5,0.2,0.3,3.7,1.7,2.1
Chile,1995,10.9,9.1,10.2,0.8,0.4,0.6,0.5,0.2,0.3,3.9,1.7,2.1
Chile,1994,10.1,9.1,10.2,0.8,0.4,0.6,0.5,0.2,0.3,4.2,1.7,2.1
Chile,1986,15.4,9.1,10.2,2.2,0.4,0.6,0.7,0.2,0.3,13.5,1.7,2.1
Chile,1984,11.3,9.1,10.2,1.4,0.4,0.6,0.5,0.2,0.3,13.9,1.7,2.1
Chile,1983,11.3,9.1,10.2,1.0,0.4,0.6,0.5,0.2,0.3,4.1,1.7,2.1
Chile,1982,11.3,9.1,10.2,1.0,0.4,0.6,0.5,0.2,0.3,4.1,1.7,2.1
Chile,1981,11.3,9.1,10.2,1.1,0.4,0.6,0.5,0.2,0.3,4.1,1.7,2.1
Chile,1980,11.3,9.1,10.2,1.3,0.4,0.6,0.5,0.2,0.3,4.1,1.7,2.1
Chile,1979,11.3,9.1,10.2,1.6,0.4,0.6,0.5,0.2,0.3,4.1,1.7,2.1
Chile,1978,11.3,9.1,10.2,1.9,0.4,0.6,0.5,0.2,0.3,4.1,1.7,2.1
Chile,1977,11.3,9.1,10.2,2.6,0.4,0.6,0.5,0.2,0.3,4.1,1.7,2.1
Chile,1976,11.3,9.1,10.2,3.3,0.4,0.6,0.5,0.2,0.3,4.1,1.7,2.1
China,2010,6.6,5.6,7.5,3.4,3.3,3.5,2.3,2.1,2.4,9.4,8.9,9.9
China,2009,5.3,4.4,6.1,4.6,4.5,4.7,3.1,2.7,3.5,12.6,11.8,13.2
China,2008,5.4,6.3,7.3,5.1,7.7,8.1,3.1,2.9,3.6,13.7,21.0,22.1
China,2005,5.9,5.2,6.5,4.5,4.2,4.7,2.9,2.4,3.2,11.7,10.7,12.6
China,2002,9.2,8.2,9.9,6.8,6.5,7.2,3.0,2.7,3.3,21.8,20.8,22.7
China,2000,3.4,2.8,3.9,7.4,7.5,7.3,2.5,2.1,2.8,17.8,17.1,18.5
China,1998,5.5,4.8,6.1,6.9,6.6,7.2,2.4,2.1,2.6,19.8,19.3,20.2
China,1995,13.6,13.8,13.3,10.7,9.6,11.6,5.0,4.2,5.7,31.2,30.3,32.0
China,1992,7.2,6.9,7.4,14.2,14.6,13.8,3.9,3.7,4.1,38.0,37.1,38.8
China,1990,5.3,5.4,5.3,12.6,12.1,13.1,4.2,3.8,4.7,32.3,33.3,31.4
China,1987,6.7,6.3,7.3,18.7,7.7,8.1,4.8,2.9,3.6,38.3,21.0,22.1
Colombia,2000,5.3,4.3,6.3,4.9,5.0,4.9,1.1,1.1,1.1,18.1,17.1,19.0
Colombia,1995,4.5,4.1,4.9,6.3,5.5,7.0,1.7,1.7,1.7,19.7,17.2,22.1
Colombia,1989,4.7,4.4,5.1,8.8,5.3,6.0,3.8,1.2,1.4,21.8,16.7,20.3
Colombia,1986,4.9,5.0,4.8,8.6,8.1,9.0,1.3,1.1,1.5,25.9,22.7,29.0
Colombia,2009,4.7,4.4,5.1,8.8,6.0,6.0,2.7,1.2,1.4,22.6,16.7,20.3
Colombia,2010,4.7,4.4,5.1,8.8,6.0,6.0,2.7,1.2,1.4,22.6,16.7,20.3
Colombia,2004,4.7,4.4,5.1,8.8,6.0,6.0,2.7,1.2,1.4,22.6,16.7,20.3
Colombia,2005,4.7,4.4,5.1,8.8,6.0,6.0,2.7,1.2,1.4,22.6,16.7,20.3
Colombia,1977,4.7,4.4,5.1,8.8,6.0,6.0,2.7,1.2,1.4,22.6,16.7,20.3
Colombia,1978,4.7,4.4,5.1,8.8,6.0,6.0,2.7,1.2,1.4,22.6,16.7,20.3
Colombia,1979,4.7,4.4,5.1,8.8,6.0,6.0,2.7,1.2,1.4,22.6,16.7,20.3
Colombia,1980,4.7,4.4,5.1,8.8,6.0,6.0,2.7,1.2,1.4,22.6,16.7,20.3
Colombia,1965,4.7,4.4,5.1,8.8,6.0,6.0,2.7,1.2,1.4,22.6,16.7,20.3
Colombia,1966,4.7,4.4,5.1,8.8,6.0,6.0,2.7,1.2,1.4,22.6,16.7,20.3
Comoros,2012,10.9,10.3,11.4,16.9,17.0,16.8,11.1,10.8,11.4,32.1,30.2,34.1
Comoros,2000,21.5,21.9,21.0,25.0,21.9,28.0,13.3,12.0,14.4,46.9,47.3,46.5
Comoros,1996,5.9,6.2,5.6,22.3,18.6,25.7,11.0,9.8,12.2,41.4,37.7,44.9
Comoros,1991,12.8,12.8,12.7,20.1,23.5,23.5,10.3,10.9,12.7,39.9,38.4,41.8
Comoros,1992,12.8,12.8,12.7,20.1,23.5,23.5,10.3,10.9,12.7,39.9,38.4,41.8
Congo,2005,8.5,8.6,8.4,11.8,10.6,12.9,8.0,7.7,8.4,31.2,29.0,33.2
Congo,1987,1.4,6.0,6.1,21.1,10.4,13.1,6.8,6.8,7.2,33.6,26.6,29.5
Congo,2014,4.8,6.0,6.1,14.3,13.1,13.1,7.2,6.8,7.2,27.8,26.6,29.5
Congo,2015,4.8,6.0,6.1,14.3,13.1,13.1,7.2,6.8,7.2,27.8,26.6,29.5
Congo,2011,4.8,6.0,6.1,14.3,13.1,13.1,7.2,6.8,7.2,27.8,26.6,29.5
Congo,2012,4.8,6.0,6.1,14.3,13.1,13.1,7.2,6.8,7.2,27.8,26.6,29.5
Costa Rica,1996,9.6,7.9,8.3,4.5,1.8,0.6,3.1,1.5,0.6,9.0,6.6,4.8
Costa Rica,1994,7.2,7.9,8.3,1.9,1.8,0.6,2.2,1.5,0.6,8.5,6.6,4.8
Costa Rica,1993,7.2,7.9,8.3,2.0,1.8,0.6,2.2,1.5,0.6,8.5,6.6,4.8
Costa Rica,1992,7.2,7.9,8.3,2.0,1.8,0.6,2.2,1.5,0.6,8.5,6.6,4.8
Costa Rica,1991,7.2,7.9,8.3,2.2,1.8,0.6,2.2,1.5,0.6,8.5,6.6,4.8
Costa Rica,1990,7.2,7.9,8.3,2.5,1.8,0.6,2.2,1.5,0.6,8.5,6.6,4.8
Costa Rica,1989,7.2,7.9,8.3,2.4,1.8,0.6,2.2,1.5,0.6,8.5,6.6,4.8
Costa Rica,1982,4.0,7.9,8.3,5.5,1.8,0.6,2.6,1.5,0.6,11.0,6.6,4.8
Costa Rica,2008,7.2,7.9,8.3,2.7,0.6,0.6,2.2,1.5,0.6,8.5,6.6,4.8
Costa Rica,2009,7.2,7.9,8.3,2.7,0.6,0.6,2.2,1.5,0.6,8.5,6.6,4.8
Cote d'Ivoire,2007,4.9,4.9,5.0,29.4,28.4,30.3,14.0,12.4,15.3,39.0,37.8,40.1
Cote d'Ivoire,2006,8.4,7.9,8.9,16.7,14.4,18.8,8.4,7.9,8.9,40.1,36.6,43.4
Cote d'Ivoire,1994,2.7,3.0,2.4,20.9,18.0,23.7,11.2,9.3,13.1,31.5,28.7,34.2
Cote d'Ivoire,1986,4.8,4.5,5.0,10.8,18.7,21.7,10.3,8.5,10.7,22.5,32.2,36.5
Cote d'Ivoire,2011,4.8,4.5,5.0,18.6,21.7,21.7,9.7,8.5,10.7,32.4,32.2,36.5
Cote d'Ivoire,2012,4.8,4.5,5.0,18.6,21.7,21.7,9.7,8.5,10.7,32.4,32.2,36.5
Cote d'Ivoire,1998,4.8,4.5,5.0,18.6,21.7,21.7,9.7,8.5,10.7,32.4,32.2,36.5
Cote d'Ivoire,1999,4.8,4.5,5.0,18.6,21.7,21.7,9.7,8.5,10.7,32.4,32.2,36.5
Croatia,1995,7.9,0,0,0.5,0,0,1.5,0,0,1.4,0,0
Croatia,1996,7.9,0,0,0.5,0,0,1.5,0,0,1.4,0,0
Croatia,1994,7.9,0,0,0.5,0,0,1.5,0,0,1.4,0,0
Croatia,1995,7.9,0,0,0.5,0,0,1.5,0,0,1.4,0,0
Croatia,1993,7.9,0,0,0.5,0,0,1.5,0,0,1.4,0,0
Croatia,1994,7.9,0,0,0.5,0,0,1.5,0,0,1.4,0,0
Cuba,2000,0.0,0.0,0.0,3.4,0.0,0.0,2.4,0.0,0.0,7.0,0.0,0.0
Czech Republic,1991,6.7,4.1,4.7,0.9,1.6,2.5,2.8,4.0,5.2,3.1,2.1,3.1
Czech Republic,2001,5.6,4.1,4.7,1.5,2.5,2.5,3.7,4.0,5.2,2.9,2.1,3.1
Czech Republic,2002,5.6,4.1,4.7,1.5,2.5,2.5,3.7,4.0,5.2,2.9,2.1,3.1
Democratic People's Republic of Korea,2012,0.5,0.6,0.3,15.2,15.0,15.5,4.0,3.8,4.1,27.9,25.8,29.9
Democratic People's Republic of Korea,2009,0.0,0.0,0.0,18.8,18.8,18.8,5.2,5.3,5.0,32.4,32.4,32.4
Democratic People's Republic of Korea,2004,0.5,0.6,0.3,20.6,16.7,17.8,8.5,5.7,6.1,43.1,33.4,36.5
Democratic People's Republic of Korea,2002,0.9,1.1,0.7,17.8,16.2,19.2,8.7,8.1,9.3,44.7,41.9,47.2
Democratic People's Republic of Korea,2000,0.5,0.6,0.3,24.7,16.7,17.8,12.2,5.7,6.1,51.0,33.4,36.5
Democratic People's Republic of Korea,1998,0.5,0.6,0.3,55.5,16.7,17.8,20.8,5.7,6.1,63.9,33.4,36.5
Democratic Republic of the Congo,2010,4.9,4.7,5.1,24.2,21.3,27.2,8.5,7.5,9.5,43.5,39.7,47.5
Democratic Republic of the Congo,2007,6.8,7.2,6.5,28.2,26.1,30.4,14.0,12.5,15.5,45.8,43.3,48.5
Democratic Republic of the Congo,2001,6.5,6.3,6.6,33.6,30.7,36.5,20.9,19.8,22.0,44.4,41.3,47.5
Democratic Republic of the Congo,1995,5.7,5.6,5.7,30.7,24.8,29.9,11.4,11.7,14.1,51.0,41.1,47.1
Democratic Republic of the Congo,2013,5.7,5.6,5.7,28.0,29.9,29.9,12.6,11.7,14.1,45.5,41.1,47.1
Democratic Republic of the Congo,2014,5.7,5.6,5.7,28.0,29.9,29.9,12.6,11.7,14.1,45.5,41.1,47.1
Djibouti,2012,8.1,8.5,7.7,29.8,28.5,31.2,21.5,20.3,22.7,33.5,33.3,33.8
Djibouti,2006,13.4,13.8,13.1,29.6,26.7,32.1,26.0,25.4,26.5,32.6,31.0,34.0
Djibouti,2002,8.4,8.8,7.9,25.4,23.0,27.7,19.4,18.5,20.3,26.5,24.6,28.3
Djibouti,1996,10.0,10.4,9.6,16.0,26.1,30.3,14.9,21.4,23.2,31.7,29.6,32.0
Djibouti,1989,10.0,10.4,9.6,20.2,26.1,30.3,12.5,21.4,23.2,28.0,29.6,32.0
Dominican Republic,2013,7.6,7.3,7.9,4.0,4.1,3.9,2.4,2.0,2.8,7.1,6.1,8.0
Dominican Republic,2007,8.3,7.5,9.0,3.4,3.7,3.2,2.3,2.1,2.5,10.1,8.9,11.2
Dominican Republic,2006,7.4,6.4,6.9,4.6,4.8,6.0,1.9,1.8,2.5,10.5,11.3,15.6
Dominican Republic,2002,8.6,8.1,9.1,4.2,3.9,4.6,2.2,2.0,2.5,11.7,10.1,13.2
Dominican Republic,2000,6.9,7.1,6.6,3.5,2.9,4.0,1.5,1.3,1.6,8.0,6.5,9.4
Dominican Republic,1996,6.9,6.5,7.2,4.7,4.1,5.3,2.0,1.6,2.4,13.9,11.3,16.3
Dominican Republic,1991,4.4,4.4,4.4,8.4,7.5,9.3,2.2,2.1,2.2,21.2,18.2,23.9
Dominican Republic,1986,3.9,4.0,3.8,9.3,7.3,11.4,2.5,1.3,3.8,22.2,17.7,27.1
Ecuador,2004,5.1,5.0,5.2,6.2,6.0,6.5,2.3,2.4,2.2,29.0,27.3,30.5
Ecuador,1998,6.3,6.0,6.6,12.5,5.8,6.8,3.2,2.1,2.5,32.5,26.0,28.1
Ecuador,1986,6.3,6.0,6.6,14.5,5.8,6.8,2.3,2.1,2.5,40.2,26.0,28.1
Ecuador,2012,6.3,6.0,6.6,9.9,6.8,6.8,2.5,2.1,2.5,31.7,26.0,28.1
Ecuador,2013,6.3,6.0,6.6,9.9,6.8,6.8,2.5,2.1,2.5,31.7,26.0,28.1
Egypt,2014,15.7,13.7,16.4,7.0,7.3,7.7,9.5,4.4,9.4,22.3,28.2,23.6
Egypt,2008,20.5,21.2,19.8,6.8,5.4,8.1,7.9,7.1,8.8,30.7,28.4,33.0
Egypt,2005,14.1,13.8,14.4,5.4,4.2,6.6,5.3,4.9,5.7,23.8,22.2,25.4
Egypt,2003,9.2,9.4,8.9,8.7,7.0,10.2,5.2,5.2,5.3,20.3,18.0,22.4
Egypt,2000,18.2,17.4,18.9,4.3,3.4,5.0,3.2,3.0,3.4,24.6,22.6,26.6
Egypt,1998,13.2,13.7,14.6,9.4,7.3,9.0,6.4,4.4,5.6,26.3,28.2,30.2
Egypt,1991,14.9,13.8,15.9,10.5,9.0,11.9,4.5,3.7,5.4,34.9,34.1,35.7
Egypt,1988,6.8,6.1,7.4,11.6,11.6,11.7,2.2,1.8,2.6,36.6,36.1,37.0
Egypt,1978,3.8,13.7,14.6,13.9,7.3,9.0,1.7,4.4,5.6,43.8,28.2,30.2
Egypt,1997,13.2,13.7,14.6,8.9,9.0,9.0,5.3,4.4,5.6,30.0,28.2,30.2
Egypt,1998,13.2,13.7,14.6,8.9,9.0,9.0,5.3,4.4,5.6,30.0,28.2,30.2
Egypt,1995,13.2,13.7,14.6,8.9,9.0,9.0,5.3,4.4,5.6,30.0,28.2,30.2
Egypt,1996,13.2,13.7,14.6,8.9,9.0,9.0,5.3,4.4,5.6,30.0,28.2,30.2
Egypt,1992,13.2,13.7,14.6,8.9,9.0,9.0,5.3,4.4,5.6,30.0,28.2,30.2
Egypt,1993,13.2,13.7,14.6,8.9,9.0,9.0,5.3,4.4,5.6,30.0,28.2,30.2
El Salvador,2014,6.0,3.8,5.1,5.0,7.6,8.6,2.0,1.2,1.9,14.0,27.4,30.0
El Salvador,2008,5.7,5.0,6.3,6.6,6.7,6.5,1.6,0.7,2.4,20.6,19.8,21.3
El Salvador,1998,3.9,3.2,4.6,9.6,9.3,9.9,1.5,1.3,1.8,32.3,31.1,33.4
El Salvador,1993,3.9,3.7,4.1,7.2,6.1,8.2,1.4,1.1,1.6,29.5,28.7,30.3
El Salvador,1988,3.0,2.2,3.8,11.1,10.7,11.6,2.2,1.8,2.5,36.7,33.8,39.5
El Salvador,1975,4.7,3.8,5.1,19.5,7.6,8.6,1.6,1.2,1.9,56.2,27.4,30.0
El Salvador,2002,4.7,3.8,5.1,9.3,8.6,8.6,1.7,1.2,1.9,30.6,27.4,30.0
El Salvador,2003,4.7,3.8,5.1,9.3,8.6,8.6,1.7,1.2,1.9,30.6,27.4,30.0
Equatorial Guinea,2010,9.7,7.9,11.6,5.6,5.2,5.9,3.1,3.6,2.7,26.2,22.2,30.3
Equatorial Guinea,2004,8.3,4.0,12.0,10.6,9.9,11.3,2.8,3.5,2.3,35.0,33.8,36.0
Equatorial Guinea,2000,14.0,13.6,14.3,15.7,14.6,16.8,9.2,10.1,8.4,42.6,39.2,46.0
Equatorial Guinea,1997,3.4,1.5,5.3,13.8,12.2,15.4,4.0,3.3,4.7,38.7,34.3,43.0
Eritrea,2010,1.9,2.1,1.6,38.8,39.4,38.1,15.3,14.1,16.6,50.3,49.6,51.2
Eritrea,2002,1.6,1.4,1.8,34.5,33.0,35.9,14.9,13.0,16.8,43.7,41.8,45.4
Eritrea,1993,1.6,1.5,1.6,36.9,36.5,37.8,11.8,15.6,18.0,69.6,45.6,46.7
Eritrea,1995,1.6,1.5,1.6,37.1,37.8,37.8,15.6,15.6,18.0,52.0,45.6,46.7
Eritrea,1996,1.6,1.5,1.6,37.1,37.8,37.8,15.6,15.6,18.0,52.0,45.6,46.7
Ethiopia,2014,2.6,3.2,2.1,25.2,25.7,24.8,8.7,7.4,10.1,40.4,39.7,41.0
Ethiopia,2005,5.1,4.5,5.7,34.6,32.8,36.5,12.3,10.8,13.7,50.7,49.6,51.8
Ethiopia,2000,2.0,1.9,2.0,42.0,39.6,44.4,12.4,10.8,13.9,57.4,56.0,58.9
Ethiopia,1992,2.9,2.9,2.9,43.3,31.4,34.1,9.6,9.4,12.3,68.1,46.9,49.4
Ethiopia,2010,2.9,2.9,2.9,34.9,34.1,34.1,10.6,9.4,12.3,52.2,46.9,49.4
Ethiopia,2011,2.9,2.9,2.9,34.9,34.1,34.1,10.6,9.4,12.3,52.2,46.9,49.4
Fiji,2004,5.1,4.8,5.4,5.3,5.7,4.9,6.3,8.2,4.7,7.5,6.9,8.0
Fiji,1993,2.2,4.8,5.4,6.9,5.7,4.9,9.8,8.2,4.7,4.3,6.9,8.0
Gabon,2012,7.7,6.2,9.2,6.5,5.0,7.9,3.4,3.1,3.7,17.5,15.1,19.8
Gabon,2000,6.7,5.6,7.6,7.7,9.0,9.0,3.8,3.7,4.0,21.9,19.4,24.4
Gabon,2001,6.7,5.6,7.6,7.7,9.0,9.0,3.8,3.7,4.0,21.9,19.4,24.4
Gambia,2013,3.2,3.4,3.1,16.4,15.5,17.3,11.1,10.2,11.9,25.0,23.8,26.2
Gambia,2010,1.9,1.5,2.4,17.4,16.9,17.8,9.5,8.9,10.0,23.4,21.3,25.4
Gambia,2000,3.0,3.0,3.0,15.4,14.3,16.5,8.9,8.4,9.4,24.1,22.1,25.9
Gambia,1996,2.7,2.6,2.9,23.2,15.4,17.1,9.2,8.5,9.8,36.1,23.5,26.5
Gambia,2005,2.7,2.6,2.9,17.6,17.1,17.1,9.2,8.5,9.8,27.2,23.5,26.5
Gambia,2006,2.7,2.6,2.9,17.6,17.1,17.1,9.2,8.5,9.8,27.2,23.5,26.5
Georgia,2009,19.9,18.3,21.3,1.1,1.0,1.3,1.6,1.5,1.8,11.3,10.2,12.3
Georgia,2005,21.0,20.7,21.2,2.3,1.9,2.6,3.0,3.0,3.0,14.7,13.5,15.8
Georgia,1999,17.9,19.5,21.2,2.7,1.4,2.0,3.1,2.2,2.4,16.1,11.8,14.1
Germany,2003,3.5,3.3,3.6,1.1,0.9,0.9,1.0,0.8,1.2,1.3,1.2,1.5
Germany,2004,3.5,3.3,3.6,1.1,0.9,0.9,1.0,0.8,1.2,1.3,1.2,1.5
Germany,2005,3.5,3.3,3.6,1.1,0.9,0.9,1.0,0.8,1.2,1.3,1.2,1.5
Germany,2006,3.5,3.3,3.6,1.1,0.9,0.9,1.0,0.8,1.2,1.3,1.2,1.5
Ghana,2014,2.6,2.9,3.3,11.0,17.2,19.9,4.7,8.1,9.9,18.8,28.1,33.2
Ghana,2011,2.6,2.5,2.7,13.4,11.3,15.4,6.2,5.2,7.2,22.7,20.3,25.3
Ghana,2008,5.9,5.9,5.8,14.3,12.9,15.7,8.7,7.7,9.7,28.6,26.7,30.5
Ghana,2006,2.6,2.5,2.7,13.9,12.5,15.2,6.1,5.4,6.8,28.1,26.2,29.8
Ghana,2003,4.5,3.6,5.3,18.8,17.0,20.6,8.4,8.3,8.4,35.6,32.7,38.5
Ghana,1988,0.9,0.7,1.0,24.1,23.4,24.8,9.4,8.1,10.8,34.7,32.9,36.5
Ghana,1998,2.9,2.9,3.3,18.3,19.9,19.9,8.5,8.1,9.9,30.0,28.1,33.2
Ghana,1999,2.9,2.9,3.3,18.3,19.9,19.9,8.5,8.1,9.9,30.0,28.1,33.2
Ghana,1993,2.9,2.9,3.3,18.3,19.9,19.9,8.5,8.1,9.9,30.0,28.1,33.2
Ghana,1994,2.9,2.9,3.3,18.3,19.9,19.9,8.5,8.1,9.9,30.0,28.1,33.2
Ghana,1987,2.9,2.9,3.3,18.3,19.9,19.9,8.5,8.1,9.9,30.0,28.1,33.2
Ghana,1988,2.9,2.9,3.3,18.3,19.9,19.9,8.5,8.1,9.9,30.0,28.1,33.2
Greece,2003,14.1,14.5,13.7,0.3,0.3,0.3,0.8,0.6,0.9,1.5,1.9,1.0
Greece,2004,14.1,14.5,13.7,0.3,0.3,0.3,0.8,0.6,0.9,1.5,1.9,1.0
Guatemala,2002,5.6,4.7,6.4,17.7,17.5,18.0,1.8,1.5,2.1,54.3,54.1,54.5
Guatemala,2000,8.5,4.6,5.7,19.6,17.8,19.8,3.7,1.7,2.5,50.0,52.1,54.3
Guatemala,1995,6.2,5.6,6.8,21.7,21.1,22.3,3.8,3.0,4.6,55.4,54.0,56.8
Guatemala,1987,2.8,2.2,3.5,27.8,26.6,29.0,2.4,2.1,2.7,62.1,60.1,64.2
Guatemala,2014,5.7,4.6,5.7,19.0,19.8,19.8,2.3,1.7,2.5,52.8,52.1,54.3
Guatemala,2015,5.7,4.6,5.7,19.0,19.8,19.8,2.3,1.7,2.5,52.8,52.1,54.3
Guatemala,2008,5.7,4.6,5.7,19.0,19.8,19.8,2.3,1.7,2.5,52.8,52.1,54.3
Guatemala,2009,5.7,4.6,5.7,19.0,19.8,19.8,2.3,1.7,2.5,52.8,52.1,54.3
Guatemala,1998,5.7,4.6,5.7,19.0,19.8,19.8,2.3,1.7,2.5,52.8,52.1,54.3
Guatemala,1999,5.7,4.6,5.7,19.0,19.8,19.8,2.3,1.7,2.5,52.8,52.1,54.3
Guinea,2012,3.8,3.0,4.5,18.7,18.7,18.7,9.9,9.4,10.4,31.3,30.0,32.4
Guinea,2005,5.1,5.0,5.2,22.5,20.6,24.4,10.8,9.8,11.7,39.3,36.7,42.0
Guinea,2000,4.1,3.7,4.4,29.1,19.0,20.7,10.3,8.1,9.7,46.9,34.2,38.0
Guinea,1999,4.3,4.1,4.4,21.2,21.0,21.3,9.9,8.8,10.8,34.3,32.2,36.3
Guinea,2011,4.1,3.7,4.4,21.4,20.7,20.7,9.8,8.1,9.7,37.6,34.2,38.0
Guinea,2012,4.1,3.7,4.4,21.4,20.7,20.7,9.8,8.1,9.7,37.6,34.2,38.0
Guinea,2007,4.1,3.7,4.4,21.4,20.7,20.7,9.8,8.1,9.7,37.6,34.2,38.0
Guinea,2008,4.1,3.7,4.4,21.4,20.7,20.7,9.8,8.1,9.7,37.6,34.2,38.0
Guinea,1994,4.1,3.7,4.4,21.4,20.7,20.7,9.8,8.1,9.7,37.6,34.2,38.0
Guinea,1995,4.1,3.7,4.4,21.4,20.7,20.7,9.8,8.1,9.7,37.6,34.2,38.0
Guinea-Bissau,2014,2.3,6.7,7.0,17.0,18.1,18.9,6.0,7.6,8.0,27.6,34.4,37.5
Guinea-Bissau,2010,3.2,3.1,3.4,18.1,17.1,19.1,5.8,6.0,5.6,32.2,29.9,34.4
Guinea-Bissau,2008,2.2,2.5,1.8,16.6,17.0,16.2,4.8,5.0,4.6,27.7,26.1,29.3
Guinea-Bissau,2006,17.0,16.5,17.6,17.4,16.7,18.2,8.9,8.4,9.3,47.7,47.0,48.5
Guinea-Bissau,2000,5.1,4.8,5.3,21.9,21.5,22.3,11.8,11.2,12.6,36.1,34.5,37.8
Guyana,2014,5.3,7.1,5.6,8.5,9.8,12.6,6.4,7.8,9.4,12.0,16.2,18.1
Guyana,2009,6.7,8.4,4.9,11.1,9.4,12.8,5.3,3.8,6.9,19.5,18.6,20.5
Guyana,2000,5.5,5.6,5.4,11.9,9.9,13.6,12.1,10.6,13.5,13.8,12.6,14.9
Guyana,1997,1.9,7.1,5.6,10.3,9.8,12.6,13.3,7.8,9.4,14.0,16.2,18.1
Guyana,1993,5.0,7.1,5.6,16.1,9.8,12.6,9.3,7.8,9.4,19.1,16.2,18.1
Guyana,1981,4.0,7.1,5.6,19.5,9.8,12.6,10.2,7.8,9.4,26.4,16.2,18.1
Guyana,1971,5.0,7.1,5.6,22.0,9.8,12.6,9.3,7.8,9.4,29.6,16.2,18.1
Guyana,2006,5.0,7.1,5.6,13.8,12.6,12.6,9.3,7.8,9.4,19.1,16.2,18.1
Guyana,2007,5.0,7.1,5.6,13.8,12.6,12.6,9.3,7.8,9.4,19.1,16.2,18.1
Haiti,2012,3.6,3.1,4.1,11.6,10.7,12.5,5.2,4.8,5.6,21.9,20.3,23.4
Haiti,2000,3.1,2.3,3.8,13.9,12.2,15.7,5.6,5.0,6.2,28.3,25.7,30.9
Haiti,1990,3.3,3.4,4.0,23.7,15.8,18.5,5.9,6.9,8.3,40.1,27.3,31.4
Haiti,1978,1.5,3.4,4.0,33.5,15.8,18.5,10.6,6.9,8.3,45.7,27.3,31.4
Haiti,2005,3.3,3.4,4.0,20.9,18.5,18.5,7.8,6.9,8.3,33.8,27.3,31.4
Haiti,2006,3.3,3.4,4.0,20.9,18.5,18.5,7.8,6.9,8.3,33.8,27.3,31.4
Haiti,1994,3.3,3.4,4.0,20.9,18.5,18.5,7.8,6.9,8.3,33.8,27.3,31.4
Haiti,1995,3.3,3.4,4.0,20.9,18.5,18.5,7.8,6.9,8.3,33.8,27.3,31.4
Honduras,2001,3.0,2.8,3.3,12.5,11.9,13.1,1.2,1.2,1.3,34.5,32.6,36.2
Honduras,1996,2.4,2.6,2.3,19.2,20.1,18.3,1.3,0.7,2.0,43.3,43.7,42.9
Honduras,1987,2.7,3.9,4.4,18.1,11.7,12.0,2.3,1.0,1.7,43.3,31.4,33.8
Honduras,2011,3.8,3.9,4.4,13.9,12.0,12.0,1.8,1.0,1.7,37.4,31.4,33.8
Honduras,2012,3.8,3.9,4.4,13.9,12.0,12.0,1.8,1.0,1.7,37.4,31.4,33.8
Honduras,2005,3.8,3.9,4.4,13.9,12.0,12.0,1.8,1.0,1.7,37.4,31.4,33.8
Honduras,2006,3.8,3.9,4.4,13.9,12.0,12.0,1.8,1.0,1.7,37.4,31.4,33.8
Honduras,1993,3.8,3.9,4.4,13.9,12.0,12.0,1.8,1.0,1.7,37.4,31.4,33.8
Honduras,1994,3.8,3.9,4.4,13.9,12.0,12.0,1.8,1.0,1.7,37.4,31.4,33.8
Honduras,1991,3.8,3.9,4.4,13.9,12.0,12.0,1.8,1.0,1.7,37.4,31.4,33.8
Honduras,1992,3.8,3.9,4.4,13.9,12.0,12.0,1.8,1.0,1.7,37.4,31.4,33.8
Hungary,1980,3.0,2.7,3.2,2.3,2.9,2.9,4.2,3.6,4.6,3.3,2.4,4.1
Hungary,1981,3.0,2.7,3.2,2.3,2.9,2.9,4.2,3.6,4.6,3.3,2.4,4.1
Hungary,1982,3.0,2.7,3.2,2.3,2.9,2.9,4.2,3.6,4.6,3.3,2.4,4.1
Hungary,1983,3.0,2.7,3.2,2.3,2.9,2.9,4.2,3.6,4.6,3.3,2.4,4.1
Hungary,1984,3.0,2.7,3.2,2.3,2.9,2.9,4.2,3.6,4.6,3.3,2.4,4.1
Hungary,1985,3.0,2.7,3.2,2.3,2.9,2.9,4.2,3.6,4.6,3.3,2.4,4.1
Hungary,1986,3.0,2.7,3.2,2.3,2.9,2.9,4.2,3.6,4.6,3.3,2.4,4.1
Hungary,1987,3.0,2.7,3.2,2.3,2.9,2.9,4.2,3.6,4.6,3.3,2.4,4.1
Hungary,1988,3.0,2.7,3.2,2.3,2.9,2.9,4.2,3.6,4.6,3.3,2.4,4.1
India,2005,2.9,2.7,3.1,51.9,46.8,46.8,20.4,19.3,21.3,58.7,51.5,52.5
India,2006,2.9,2.7,3.1,51.9,46.8,46.8,20.4,19.3,21.3,58.7,51.5,52.5
India,1998,2.9,2.7,3.1,51.9,46.8,46.8,20.4,19.3,21.3,58.7,51.5,52.5
India,1999,2.9,2.7,3.1,51.9,46.8,46.8,20.4,19.3,21.3,58.7,51.5,52.5
India,1996,2.9,2.7,3.1,51.9,46.8,46.8,20.4,19.3,21.3,58.7,51.5,52.5
India,1997,2.9,2.7,3.1,51.9,46.8,46.8,20.4,19.3,21.3,58.7,51.5,52.5
India,1992,2.9,2.7,3.1,51.9,46.8,46.8,20.4,19.3,21.3,58.7,51.5,52.5
India,1993,2.9,2.7,3.1,51.9,46.8,46.8,20.4,19.3,21.3,58.7,51.5,52.5
India,1991,2.9,2.7,3.1,51.9,46.8,46.8,20.4,19.3,21.3,58.7,51.5,52.5
India,1992,2.9,2.7,3.1,51.9,46.8,46.8,20.4,19.3,21.3,58.7,51.5,52.5
India,1988,2.9,2.7,3.1,51.9,46.8,46.8,20.4,19.3,21.3,58.7,51.5,52.5
India,1989,2.9,2.7,3.1,51.9,46.8,46.8,20.4,19.3,21.3,58.7,51.5,52.5
India,1990,2.9,2.7,3.1,51.9,46.8,46.8,20.4,19.3,21.3,58.7,51.5,52.5
India,1974,2.9,2.7,3.1,51.9,46.8,46.8,20.4,19.3,21.3,58.7,51.5,52.5
India,1975,2.9,2.7,3.1,51.9,46.8,46.8,20.4,19.3,21.3,58.7,51.5,52.5
India,1976,2.9,2.7,3.1,51.9,46.8,46.8,20.4,19.3,21.3,58.7,51.5,52.5
India,1977,2.9,2.7,3.1,51.9,46.8,46.8,20.4,19.3,21.3,58.7,51.5,52.5
India,1978,2.9,2.7,3.1,51.9,46.8,46.8,20.4,19.3,21.3,58.7,51.5,52.5
India,1979,2.9,2.7,3.1,51.9,46.8,46.8,20.4,19.3,21.3,58.7,51.5,52.5
Indonesia,2013,11.5,11.3,11.8,19.9,19.4,20.5,13.5,12.7,14.2,36.4,35.5,37.2
Indonesia,2010,12.3,13.0,11.7,18.6,15.7,19.5,12.3,12.1,12.5,39.2,37.6,40.8
Indonesia,2007,11.2,11.2,11.3,19.6,18.6,20.7,14.8,13.8,15.7,40.1,38.8,41.3
Indonesia,2005,7.1,7.1,7.3,24.4,21.9,26.9,11.5,10.2,11.7,39.5,36.7,39.3
Indonesia,2004,5.1,4.8,5.5,19.7,18.7,20.7,14.4,13.5,15.3,28.6,27.4,29.8
Indonesia,2003,7.1,7.1,7.3,23.1,20.6,25.5,11.5,10.2,11.7,39.5,36.7,39.3
Indonesia,2002,7.1,7.1,7.3,23.0,20.7,25.2,11.5,10.2,11.7,39.5,36.7,39.3
Indonesia,2001,1.5,1.3,1.7,22.5,21.4,23.6,5.4,4.6,6.2,41.6,40.0,43.2
Indonesia,2000,1.5,1.3,1.7,23.2,21.1,25.2,5.5,4.6,6.4,42.4,41.0,43.7
Indonesia,1999,7.1,7.1,7.3,22.8,21.1,24.4,11.5,10.2,11.7,39.5,36.7,39.3
Indonesia,1998,7.1,7.1,7.3,25.8,22.8,28.6,11.5,10.2,11.7,39.5,36.7,39.3
Indonesia,1995,6.5,7.1,7.3,28.9,25.2,29.5,14.9,10.2,11.7,48.1,36.7,39.3
Indonesia,1992,7.1,7.1,7.3,29.8,26.0,33.6,11.5,10.2,11.7,39.5,36.7,39.3
Indonesia,1989,7.1,7.1,7.3,31.0,25.4,36.4,11.5,10.2,11.7,39.5,36.7,39.3
Indonesia,1987,7.1,7.1,7.3,35.9,19.0,22.7,11.5,10.2,11.7,39.5,36.7,39.3
Iran (Islamic Republic of),2004,6.2,0.0,0.0,4.6,0.0,0.0,4.8,0.0,0.0,7.1,0.0,0.0
Iran (Islamic Republic of),1998,6.9,0.0,0.0,9.5,0.0,0.0,6.1,0.0,0.0,20.4,0.0,0.0
Iran (Islamic Republic of),1995,5.5,0.0,0.0,13.8,0.0,0.0,8.1,0.0,0.0,24.4,0.0,0.0
Iraq,2011,11.8,11.1,12.5,8.5,7.4,9.4,7.4,6.8,7.9,22.6,21.7,23.5
Iraq,2006,15.0,14.3,15.6,7.1,6.6,7.7,5.8,5.4,6.2,27.5,26.2,28.7
Iraq,2004,10.8,10.3,11.3,8.0,8.6,10.3,6.9,6.1,7.0,20.0,25.2,27.0
Iraq,2003,10.8,10.3,11.3,10.1,8.6,10.3,5.6,6.1,7.0,33.7,25.2,27.0
Iraq,2000,5.5,5.4,5.7,12.9,11.9,13.9,6.6,6.2,7.0,28.3,27.6,28.9
Iraq,1991,10.8,10.3,11.3,10.4,8.6,10.3,4.4,6.1,7.0,27.6,25.2,27.0
Italy,1975,7.1,0,0,1.3,0,0,1.2,0,0,4.3,0,0
Italy,1976,7.1,0,0,1.3,0,0,1.2,0,0,4.3,0,0
Italy,1977,7.1,0,0,1.3,0,0,1.2,0,0,4.3,0,0
Jamaica,2012,7.8,10.1,5.8,2.5,2.1,2.8,3.0,2.9,3.0,5.7,5.8,5.6
Jamaica,2010,4.0,4.8,3.3,3.2,2.6,3.8,3.5,2.1,4.9,4.8,3.7,6.0
Jamaica,2008,6.1,6.1,5.5,2.0,0.9,3.0,2.1,2.1,2.1,5.2,3.5,6.9
Jamaica,2007,8.5,7.7,9.2,1.8,1.7,1.9,2.3,2.3,2.3,3.8,4.1,3.5
Jamaica,2006,6.1,3.3,9.0,3.7,5.1,2.3,3.3,3.3,3.3,5.6,5.2,6.0
Jamaica,2004,7.5,7.2,7.7,3.1,2.4,3.9,4.5,4.7,4.3,4.5,3.5,5.7
Jamaica,2002,8.5,8.3,8.6,2.6,2.6,2.5,2.3,2.0,2.7,6.6,6.0,7.2
Jamaica,2001,5.7,4.2,7.2,4.1,2.7,5.5,2.9,2.8,3.0,6.4,3.8,8.9
Jamaica,2000,7.3,4.8,9.5,3.8,3.0,4.5,3.0,3.3,2.8,6.6,3.3,9.4
Jamaica,1999,5.9,5.7,6.1,2.3,2.5,2.2,2.5,2.1,3.0,6.3,5.0,7.5
Jamaica,1998,5.2,4.7,5.8,3.4,2.6,4.1,2.9,2.6,3.3,8.3,7.0,9.6
Jamaica,1997,5.5,4.7,6.5,3.5,3.2,3.7,2.3,1.5,3.1,8.6,6.6,10.7
Jamaica,1996,3.8,4.1,3.4,5.6,4.5,6.7,2.5,2.5,2.6,11.1,8.3,13.7
Jamaica,1995,5.2,3.2,7.1,4.0,2.9,5.0,4.5,5.2,3.8,9.5,6.7,12.2
Jamaica,1994,6.2,5.7,6.7,4.5,3.5,5.4,2.9,2.4,3.3,11.9,10.0,13.6
Jamaica,1993,9.3,5.6,6.8,8.9,2.8,3.8,4.5,2.8,3.2,13.5,5.5,8.4
Jamaica,1992,4.4,5.6,6.8,7.0,2.8,3.8,3.2,2.8,3.2,14.7,5.5,8.4
Jamaica,1991,6.8,5.6,6.8,4.0,2.8,3.8,5.3,2.8,3.2,9.1,5.5,8.4
Jamaica,1989,6.8,5.6,6.8,6.3,2.8,3.8,4.4,2.8,3.2,12.4,5.5,8.4
Jamaica,1978,15.6,5.6,6.8,8.1,2.8,3.8,6.3,2.8,3.2,16.6,5.5,8.4
Japan,2010,1.5,1.1,1.9,3.4,3.3,3.5,2.3,1.7,2.9,7.1,6.5,7.6
Japan,1978,2.2,1.1,1.9,3.3,3.5,3.5,1.8,1.7,2.9,7.7,6.5,7.6
Japan,1979,2.2,1.1,1.9,3.3,3.5,3.5,1.8,1.7,2.9,7.7,6.5,7.6
Japan,1980,2.2,1.1,1.9,3.3,3.5,3.5,1.8,1.7,2.9,7.7,6.5,7.6
Japan,1981,2.2,1.1,1.9,3.3,3.5,3.5,1.8,1.7,2.9,7.7,6.5,7.6
Jordan,2012,4.7,3.9,5.6,3.0,2.6,3.4,2.4,2.4,2.4,7.8,6.2,9.3
Jordan,2009,6.6,5.2,7.9,1.9,2.1,1.6,1.6,1.6,1.6,8.3,8.7,7.9
Jordan,2002,4.7,4.5,4.9,3.6,3.2,4.0,2.5,2.0,2.9,12.0,12.1,11.9
Jordan,1997,4.4,3.7,4.9,3.8,3.8,3.9,2.4,2.5,2.3,11.1,10.4,11.9
Jordan,1990,8.6,7.5,9.7,4.8,4.4,5.2,3.8,3.0,4.6,20.5,18.9,22.0
Kazakhstan,2006,16.9,16.4,17.5,4.9,4.3,5.4,4.9,4.5,5.3,17.5,16.9,17.9
Kazakhstan,1999,5.3,3.1,7.8,3.8,3.8,3.8,2.5,1.2,4.0,13.9,13.5,14.4
Kazakhstan,1995,5.9,4.8,7.1,6.7,5.1,8.7,7.3,7.0,7.5,19.0,15.4,23.2
Kazakhstan,2010,10.3,9.0,11.8,4.8,5.4,5.4,4.7,4.1,5.3,15.9,14.7,17.2
Kazakhstan,2011,10.3,9.0,11.8,4.8,5.4,5.4,4.7,4.1,5.3,15.9,14.7,17.2
Kenya,2014,4.1,6.5,6.5,11.0,15.4,19.7,4.0,6.5,8.1,26.0,34.4,41.3
Kenya,2003,5.8,5.6,6.0,16.5,13.7,19.3,6.2,5.0,7.5,35.8,32.1,39.4
Kenya,2000,8.1,8.5,7.8,17.5,15.2,19.6,7.4,6.6,8.2,41.0,37.4,44.6
Kenya,1998,7.6,7.2,7.9,17.6,15.1,20.0,8.7,8.4,9.0,37.0,32.7,41.2
Kenya,1994,6.1,6.5,6.5,19.8,15.4,19.7,9.4,6.5,8.1,39.8,34.4,41.3
Kenya,1993,5.9,5.9,5.9,20.1,17.7,22.4,7.1,6.6,7.6,40.2,36.7,43.8
Kenya,1982,6.1,6.5,6.5,17.2,15.4,19.7,5.8,6.5,8.1,44.3,34.4,41.3
Kenya,2008,6.1,6.5,6.5,17.2,19.7,19.7,6.9,6.5,8.1,38.2,34.4,41.3
Kenya,2009,6.1,6.5,6.5,17.2,19.7,19.7,6.9,6.5,8.1,38.2,34.4,41.3
Kenya,2005,6.1,6.5,6.5,17.2,19.7,19.7,6.9,6.5,8.1,38.2,34.4,41.3
Kenya,2006,6.1,6.5,6.5,17.2,19.7,19.7,6.9,6.5,8.1,38.2,34.4,41.3
Kenya,1985,6.1,6.5,6.5,17.2,19.7,19.7,6.9,6.5,8.1,38.2,34.4,41.3
Kenya,1986,6.1,6.5,6.5,17.2,19.7,19.7,6.9,6.5,8.1,38.2,34.4,41.3
Kenya,1987,6.1,6.5,6.5,17.2,19.7,19.7,6.9,6.5,8.1,38.2,34.4,41.3
Kenya,1988,6.1,6.5,6.5,17.2,19.7,19.7,6.9,6.5,8.1,38.2,34.4,41.3
Kenya,1989,6.1,6.5,6.5,17.2,19.7,19.7,6.9,6.5,8.1,38.2,34.4,41.3
Kenya,1978,6.1,6.5,6.5,17.2,19.7,19.7,6.9,6.5,8.1,38.2,34.4,41.3
Kenya,1979,6.1,6.5,6.5,17.2,19.7,19.7,6.9,6.5,8.1,38.2,34.4,41.3
Kiribati,2009,15.9,0.0,0.0,14.9,12.4,17.2,12.6,0.0,0.0,34.4,0.0,0.0
Kiribati,1985,15.9,0.0,0.0,11.3,12.4,17.2,12.6,0.0,0.0,34.4,0.0,0.0
Kuwait,2014,8.7,8.6,8.9,3.0,2.6,3.5,2.4,2.0,2.8,5.8,4.5,7.3
Kuwait,2013,7.8,7.6,8.0,3.1,3.0,3.1,2.7,2.4,3.0,4.8,4.6,5.1
Kuwait,2012,9.5,8.9,10.2,2.2,2.3,2.1,2.4,2.4,2.4,4.3,4.4,4.1
Kuwait,2011,8.3,8.0,8.6,2.1,1.8,2.4,1.7,1.4,2.0,4.0,3.7,4.4
Kuwait,2010,7.8,7.9,7.7,1.7,1.5,1.9,2.4,2.1,2.6,4.1,3.6,4.5
Kuwait,2009,9.0,8.0,10.0,1.7,1.5,2.0,1.8,2.1,1.5,3.8,3.4,4.2
Kuwait,2008,9.3,9.5,9.1,2.3,1.8,2.8,2.2,1.9,2.6,5.1,5.0,5.2
Kuwait,2007,8.5,9.2,7.8,2.9,2.7,3.1,3.6,3.6,3.5,5.1,4.3,5.9
Kuwait,2006,8.7,8.4,8.9,2.7,3.4,2.1,2.8,3.4,2.4,4.6,4.9,4.3
Kuwait,2005,7.5,7.1,7.9,2.7,2.4,2.9,3.3,3.1,3.5,4.5,3.8,5.1
Kuwait,2004,7.1,6.3,7.9,2.8,2.7,2.9,3.4,3.1,3.7,4.1,4.2,4.0
Kuwait,2003,6.8,6.0,7.6,2.3,1.9,2.8,2.6,2.5,2.6,3.9,3.2,4.7
Kuwait,2002,6.6,6.4,6.8,2.1,1.5,2.6,2.2,2.2,2.1,3.6,2.7,4.4
Kuwait,2001,11.0,11.0,11.1,2.2,1.9,2.5,2.2,1.8,2.5,4.0,3.4,4.5
Kuwait,1996,9.3,8.1,8.6,2.9,2.6,2.6,3.1,2.4,2.7,5.8,4.0,4.8
Kuwait,1997,9.3,8.1,8.6,2.9,2.6,2.6,3.1,2.4,2.7,5.8,4.0,4.8
Kuwait,1994,9.3,8.1,8.6,2.9,2.6,2.6,3.1,2.4,2.7,5.8,4.0,4.8
Kuwait,1995,9.3,8.1,8.6,2.9,2.6,2.6,3.1,2.4,2.7,5.8,4.0,4.8
Kuwait,1983,9.3,8.1,8.6,2.9,2.6,2.6,3.1,2.4,2.7,5.8,4.0,4.8
Kuwait,1984,9.3,8.1,8.6,2.9,2.6,2.6,3.1,2.4,2.7,5.8,4.0,4.8
Kyrgyzstan,2014,7.0,8.5,10.7,2.8,4.1,5.5,2.8,2.5,2.9,12.9,21.2,24.3
Kyrgyzstan,2012,9.0,8.2,9.8,3.7,3.7,3.7,2.8,2.7,2.9,17.8,15.5,19.9
Kyrgyzstan,2009,4.4,8.5,10.7,4.7,4.7,4.7,1.3,1.1,1.4,22.6,22.1,23.1
Kyrgyzstan,1997,9.2,8.7,9.7,8.2,5.6,10.7,3.3,2.9,3.7,32.6,29.7,35.4
Kyrgyzstan,1993,8.1,8.5,10.7,4.4,4.1,5.5,8.5,2.5,2.9,20.8,21.2,24.3
Kyrgyzstan,2005,8.1,8.5,10.7,4.4,5.5,5.5,3.7,2.5,2.9,20.8,21.2,24.3
Kyrgyzstan,2006,8.1,8.5,10.7,4.4,5.5,5.5,3.7,2.5,2.9,20.8,21.2,24.3
Lao People's Democratic Republic,2006,1.3,1.0,1.5,31.6,30.6,32.5,7.3,6.8,7.8,47.6,46.8,48.3
Lao People's Democratic Republic,2000,2.7,2.9,2.4,36.4,34.5,38.4,17.5,16.1,18.8,48.2,46.7,49.8
Lao People's Democratic Republic,1994,2.0,2.0,1.9,35.9,30.4,32.6,12.3,9.6,11.2,52.9,45.2,47.9
Lao People's Democratic Republic,1993,2.0,2.0,1.9,39.8,30.4,32.6,11.8,9.6,11.2,53.6,45.2,47.9
Lao People's Democratic Republic,2011,2.0,2.0,1.9,34.0,32.6,32.6,11.1,9.6,11.2,49.2,45.2,47.9
Lao People's Democratic Republic,2012,2.0,2.0,1.9,34.0,32.6,32.6,11.1,9.6,11.2,49.2,45.2,47.9
Lebanon,2004,16.7,18.0,15.3,4.2,2.8,5.4,6.6,5.4,7.8,16.5,17.0,16.0
Lebanon,1996,20.8,20.2,21.5,3.5,3.3,3.8,3.6,3.1,4.2,17.2,17.1,17.3
Lesotho,2014,7.4,11.2,12.2,10.3,13.2,16.9,2.8,5.0,5.8,33.2,42.9,48.6
Lesotho,2000,21.0,20.4,21.6,15.0,12.6,17.4,6.7,6.0,7.4,53.0,51.2,54.8
Lesotho,1993,10.6,11.2,12.2,18.9,13.2,16.9,22.4,5.0,5.8,37.5,42.9,48.6
Lesotho,1992,10.6,11.2,12.2,13.8,13.2,16.9,3.2,5.0,5.8,39.2,42.9,48.6
Lesotho,1976,10.6,11.2,12.2,15.2,13.2,16.9,7.4,5.0,5.8,47.4,42.9,48.6
Lesotho,2009,10.6,11.2,12.2,14.8,16.9,16.9,7.4,5.0,5.8,42.1,42.9,48.6
Lesotho,2010,10.6,11.2,12.2,14.8,16.9,16.9,7.4,5.0,5.8,42.1,42.9,48.6
Lesotho,2004,10.6,11.2,12.2,14.8,16.9,16.9,7.4,5.0,5.8,42.1,42.9,48.6
Lesotho,2005,10.6,11.2,12.2,14.8,16.9,16.9,7.4,5.0,5.8,42.1,42.9,48.6
Liberia,2013,3.2,3.3,3.1,15.3,13.5,16.8,5.6,5.4,5.9,32.1,29.0,34.8
Liberia,1976,4.0,3.8,4.2,17.8,16.6,22.1,4.3,6.4,7.6,43.1,35.7,41.9
Liberia,2006,4.0,3.8,4.2,19.1,22.1,22.1,6.3,6.4,7.6,40.0,35.7,41.9
Liberia,2007,4.0,3.8,4.2,19.1,22.1,22.1,6.3,6.4,7.6,40.0,35.7,41.9
Liberia,1999,4.0,3.8,4.2,19.1,22.1,22.1,6.3,6.4,7.6,40.0,35.7,41.9
Liberia,2000,4.0,3.8,4.2,19.1,22.1,22.1,6.3,6.4,7.6,40.0,35.7,41.9
Libya,2007,22.4,21.6,23.2,5.6,4.8,6.3,6.5,6.1,6.8,21.0,19.6,22.2
Libya,1995,13.4,12.9,13.9,4.2,3.8,4.6,3.7,3.4,3.8,20.9,19.3,23.0
Madagascar,1997,2.9,3.0,2.9,35.5,31.1,39.8,10.2,8.3,12.1,55.5,51.5,59.5
Madagascar,1995,3.7,3.5,3.7,30.4,32.7,39.1,9.0,8.7,12.5,55.2,51.8,57.4
Madagascar,1992,1.6,1.5,1.8,35.5,32.6,38.3,6.4,5.4,7.3,60.9,57.5,64.1
Madagascar,2008,3.7,3.5,3.7,34.8,39.1,39.1,11.8,8.7,12.5,52.5,51.8,57.4
Madagascar,2009,3.7,3.5,3.7,34.8,39.1,39.1,11.8,8.7,12.5,52.5,51.8,57.4
Madagascar,2003,3.7,3.5,3.7,34.8,39.1,39.1,11.8,8.7,12.5,52.5,51.8,57.4
Madagascar,2004,3.7,3.5,3.7,34.8,39.1,39.1,11.8,8.7,12.5,52.5,51.8,57.4
Madagascar,1993,3.7,3.5,3.7,34.8,39.1,39.1,11.8,8.7,12.5,52.5,51.8,57.4
Madagascar,1994,3.7,3.5,3.7,34.8,39.1,39.1,11.8,8.7,12.5,52.5,51.8,57.4
Madagascar,1983,3.7,3.5,3.7,34.8,39.1,39.1,11.8,8.7,12.5,52.5,51.8,57.4
Madagascar,1984,3.7,3.5,3.7,34.8,39.1,39.1,11.8,8.7,12.5,52.5,51.8,57.4
Malawi,2010,9.2,8.2,10.3,13.8,12.6,15.2,4.1,3.8,4.4,47.8,44.1,51.8
Malawi,2009,4.9,3.7,6.2,12.1,11.3,12.9,1.8,1.6,2.0,48.8,45.6,52.4
Malawi,2006,11.3,10.7,11.9,15.5,13.9,17.2,4.2,3.6,4.8,53.2,51.1,55.4
Malawi,2000,8.8,7.9,9.8,21.5,20.1,23.0,6.8,6.9,6.7,54.6,52.7,56.6
Malawi,1995,8.5,8.3,9.8,26.5,16.2,19.1,8.5,4.6,5.4,53.8,49.5,54.9
Malawi,1992,9.9,9.6,10.2,24.4,22.4,26.3,6.6,5.9,7.3,55.8,53.5,58.1
Malawi,1982,8.5,8.3,9.8,19.6,16.2,19.1,3.7,4.6,5.4,61.1,49.5,54.9
Malawi,1981,8.5,8.3,9.8,21.1,16.2,19.1,2.2,4.6,5.4,61.2,49.5,54.9
Malawi,2013,8.5,8.3,9.8,19.6,19.1,19.1,5.4,4.6,5.4,54.1,49.5,54.9
Malawi,2014,8.5,8.3,9.8,19.6,19.1,19.1,5.4,4.6,5.4,54.1,49.5,54.9
Malawi,2004,8.5,8.3,9.8,19.6,19.1,19.1,5.4,4.6,5.4,54.1,49.5,54.9
Malawi,2005,8.5,8.3,9.8,19.6,19.1,19.1,5.4,4.6,5.4,54.1,49.5,54.9
Malawi,1997,8.5,8.3,9.8,19.6,19.1,19.1,5.4,4.6,5.4,54.1,49.5,54.9
Malawi,1998,8.5,8.3,9.8,19.6,19.1,19.1,5.4,4.6,5.4,54.1,49.5,54.9
Malaysia,2006,5.5,0.0,0.0,12.9,12.7,13.2,15.3,0.0,0.0,17.2,17.2,17.2
Malaysia,1999,5.5,0.0,0.0,16.7,12.7,13.2,15.3,0.0,0.0,20.7,17.2,17.2
Malaysia,1995,5.5,0.0,0.0,17.7,12.7,13.2,15.3,0.0,0.0,18.9,17.2,17.2
Malaysia,1994,5.5,0.0,0.0,19.7,12.7,13.2,15.3,0.0,0.0,18.9,17.2,17.2
Malaysia,1993,5.5,0.0,0.0,20.5,12.7,13.2,15.3,0.0,0.0,18.9,17.2,17.2
Malaysia,1992,5.5,0.0,0.0,22.6,12.7,13.2,15.3,0.0,0.0,18.9,17.2,17.2
Malaysia,1991,5.5,0.0,0.0,23.1,12.7,13.2,15.3,0.0,0.0,18.9,17.2,17.2
Malaysia,1990,5.5,0.0,0.0,22.1,12.7,13.2,15.3,0.0,0.0,18.9,17.2,17.2
Maldives,2009,6.5,6.4,7.9,17.8,17.2,18.4,10.2,10.2,13.5,20.3,19.0,21.6
Maldives,2001,3.9,4.2,3.6,25.7,26.0,25.5,13.4,12.2,14.3,31.9,31.0,32.6
Maldives,1995,2.2,4.7,4.9,39.0,26.6,32.7,18.9,13.0,18.9,33.0,31.6,36.1
Maldives,1994,1.2,1.0,1.3,32.5,31.9,33.2,16.1,15.2,17.0,36.1,35.5,36.6
Maldives,1983,4.1,4.7,4.9,31.3,26.6,32.7,7.7,13.0,18.9,33.6,31.6,36.1
Maldives,1997,4.1,4.7,4.9,31.3,32.7,32.7,14.7,13.0,18.9,33.6,31.6,36.1
Maldives,1998,4.1,4.7,4.9,31.3,32.7,32.7,14.7,13.0,18.9,33.6,31.6,36.1
Mali,2006,4.7,4.6,4.9,27.9,26.0,29.7,15.3,14.3,16.2,38.5,36.2,40.7
Mali,2001,3.1,2.9,3.2,30.1,28.5,31.6,12.6,11.6,13.5,42.7,41.5,43.9
Mali,1996,2.6,2.4,2.8,23.8,29.7,32.9,12.7,16.0,18.9,54.1,35.5,39.5
Mali,1987,0.5,0.2,0.9,29.0,27.0,30.9,14.3,11.8,16.6,32.5,30.7,34.2
Mali,1995,2.6,2.4,2.8,29.8,32.9,32.9,16.5,16.0,18.9,40.8,35.5,39.5
Mali,1996,2.6,2.4,2.8,29.8,32.9,32.9,16.5,16.0,18.9,40.8,35.5,39.5
Mauritania,2012,1.2,1.2,1.1,19.5,17.2,21.8,11.6,10.1,13.1,22.0,19.5,24.4
Mauritania,2011,3.2,3.5,2.9,24.4,23.0,25.8,13.9,12.9,14.9,29.7,28.3,31.2
Mauritania,2008,1.0,0.6,1.3,15.9,13.9,17.8,8.1,6.8,9.4,23.0,20.0,25.8
Mauritania,2007,2.3,2.2,2.4,23.2,22.8,23.6,13.4,12.6,14.2,28.9,27.3,30.4
Mauritania,1990,6.8,7.0,6.5,43.3,42.1,44.6,17.4,17.4,17.3,54.8,52.8,56.9
Mauritania,1988,3.1,3.0,3.0,25.3,24.5,27.7,19.1,12.2,14.3,40.2,31.1,34.8
Mauritania,2000,3.1,3.0,3.0,25.3,27.7,27.7,13.4,12.2,14.3,36.0,31.1,34.8
Mauritania,2001,3.1,3.0,3.0,25.3,27.7,27.7,13.4,12.2,14.3,36.0,31.1,34.8
Mauritania,1995,3.1,3.0,3.0,25.3,27.7,27.7,13.4,12.2,14.3,36.0,31.1,34.8
Mauritania,1996,3.1,3.0,3.0,25.3,27.7,27.7,13.4,12.2,14.3,36.0,31.1,34.8
Mauritius,1995,6.5,0.0,0.0,13.0,0.0,0.0,15.7,0.0,0.0,13.6,0.0,0.0
Mauritius,1985,8.8,0.0,0.0,21.1,0.0,0.0,18.3,0.0,0.0,27.3,0.0,0.0
Mexico,2006,7.6,6.7,8.4,3.4,2.6,4.3,2.0,1.5,2.5,15.5,15.0,16.0
Mexico,1996,8.0,8.2,8.8,14.8,5.9,7.1,8.5,2.6,3.4,40.1,21.4,24.2
Mexico,1989,9.8,9.5,10.1,13.9,13.1,14.6,6.1,5.7,6.4,40.4,38.2,42.7
Mexico,1988,6.1,8.2,8.8,12.4,5.9,7.1,7.4,2.6,3.4,28.7,21.4,24.2
Mexico,2011,8.0,8.2,8.8,8.9,7.1,7.1,4.6,2.6,3.4,26.7,21.4,24.2
Mexico,2012,8.0,8.2,8.8,8.9,7.1,7.1,4.6,2.6,3.4,26.7,21.4,24.2
Mexico,1998,8.0,8.2,8.8,8.9,7.1,7.1,4.6,2.6,3.4,26.7,21.4,24.2
Mexico,1999,8.0,8.2,8.8,8.9,7.1,7.1,4.6,2.6,3.4,26.7,21.4,24.2
Mongolia,2013,10.5,8.3,10.3,1.6,6.9,8.0,1.0,3.3,3.3,10.8,23.1,27.3
Mongolia,2010,6.7,5.1,8.2,4.7,4.0,5.3,1.8,2.0,1.5,15.6,14.7,16.4
Mongolia,2005,14.2,12.6,15.6,5.3,5.3,5.3,2.7,2.8,2.6,27.5,25.6,29.2
Mongolia,2004,6.1,6.0,6.2,4.8,4.2,5.3,0.6,0.7,0.6,23.5,19.3,27.1
Mongolia,2000,12.7,12.2,13.2,11.6,10.6,12.6,7.1,6.9,7.3,29.8,28.1,31.4
Mongolia,1999,7.0,5.7,8.3,10.8,10.4,11.3,4.3,4.2,4.5,30.1,27.9,32.3
Mongolia,1992,9.5,8.3,10.3,10.8,6.9,8.0,2.3,3.3,3.3,32.5,23.1,27.3
Montenegro,2013,22.3,19.6,24.7,1.0,0.9,1.1,2.8,2.4,3.1,9.4,8.4,10.3
Montenegro,2005,18.9,16.1,21.6,1.6,1.9,1.9,3.5,3.2,3.7,8.7,8.0,9.4
Montenegro,2006,18.9,16.1,21.6,1.6,1.9,1.9,3.5,3.2,3.7,8.7,8.0,9.4
Morocco,1992,10.7,10.4,11.0,8.1,7.7,8.4,2.6,2.3,2.9,29.9,28.5,31.2
Morocco,1987,5.5,5.2,5.9,12.7,13.0,12.5,3.9,3.8,4.0,34.5,34.0,35.1
Morocco,2010,10.8,9.7,11.8,8.3,8.5,8.5,4.9,4.6,5.2,26.3,25.1,27.5
Morocco,2011,10.8,9.7,11.8,8.3,8.5,8.5,4.9,4.6,5.2,26.3,25.1,27.5
Morocco,2003,10.8,9.7,11.8,8.3,8.5,8.5,4.9,4.6,5.2,26.3,25.1,27.5
Morocco,2004,10.8,9.7,11.8,8.3,8.5,8.5,4.9,4.6,5.2,26.3,25.1,27.5
Morocco,1996,10.8,9.7,11.8,8.3,8.5,8.5,4.9,4.6,5.2,26.3,25.1,27.5
Morocco,1997,10.8,9.7,11.8,8.3,8.5,8.5,4.9,4.6,5.2,26.3,25.1,27.5
Mozambique,2011,7.9,7.7,8.1,15.6,13.6,17.5,6.1,5.5,6.7,43.1,41.0,45.3
Mozambique,2008,3.6,3.2,4.1,18.3,16.0,20.6,4.2,3.5,4.9,43.7,40.7,46.8
Mozambique,2003,6.3,5.3,7.3,21.2,19.9,22.6,5.4,5.1,5.8,47.0,44.6,49.5
Mozambique,1997,6.0,6.4,5.5,28.1,25.3,30.8,12.5,12.2,12.9,45.3,41.2,49.3
Mozambique,1995,6.0,5.7,6.2,23.9,18.7,22.9,9.6,6.6,7.6,59.9,41.9,47.7
Mozambique,2000,6.0,5.7,6.2,21.7,22.9,22.9,7.4,6.6,7.6,48.1,41.9,47.7
Mozambique,2001,6.0,5.7,6.2,21.7,22.9,22.9,7.4,6.6,7.6,48.1,41.9,47.7
Myanmar,2003,2.4,2.6,2.2,29.6,28.2,31.1,10.7,9.8,11.5,40.6,39.7,41.5
Myanmar,2000,2.4,2.6,2.2,30.1,28.5,31.7,10.7,9.9,11.5,40.8,39.5,42.1
Myanmar,1997,11.6,2.6,2.4,25.0,26.3,28.6,9.8,8.9,10.6,47.6,37.5,40.1
Myanmar,1995,4.8,2.6,2.4,38.7,26.3,28.6,10.6,8.9,10.6,45.1,37.5,40.1
Myanmar,1994,4.8,2.6,2.4,27.7,26.3,28.6,9.4,8.9,10.6,50.4,37.5,40.1
Myanmar,1991,4.8,2.6,2.4,32.8,26.3,28.6,13.1,8.9,10.6,46.0,37.5,40.1
Myanmar,1990,4.8,2.6,2.4,28.8,26.3,28.6,10.6,8.9,10.6,45.1,37.5,40.1
Myanmar,2009,4.8,2.6,2.4,29.9,28.6,28.6,10.6,8.9,10.6,45.1,37.5,40.1
Myanmar,2010,4.8,2.6,2.4,29.9,28.6,28.6,10.6,8.9,10.6,45.1,37.5,40.1
Myanmar,1983,4.8,2.6,2.4,29.9,28.6,28.6,10.6,8.9,10.6,45.1,37.5,40.1
Myanmar,1984,4.8,2.6,2.4,29.9,28.6,28.6,10.6,8.9,10.6,45.1,37.5,40.1
Myanmar,1985,4.8,2.6,2.4,29.9,28.6,28.6,10.6,8.9,10.6,45.1,37.5,40.1
Namibia,2013,4.1,4.3,3.9,13.2,11.3,15.1,7.1,5.2,9.0,23.1,20.7,25.6
Namibia,2000,3.3,2.9,3.7,20.3,19.4,21.2,10.0,9.2,10.9,29.5,28.6,30.3
Namibia,1992,4.5,3.9,5.2,21.5,19.7,23.4,9.6,8.8,10.5,35.7,32.2,39.3
Namibia,2006,4.1,3.9,4.4,18.1,19.5,19.5,8.6,7.8,9.4,29.5,27.2,31.8
Namibia,2007,4.1,3.9,4.4,18.1,19.5,19.5,8.6,7.8,9.4,29.5,27.2,31.8
Nauru,2007,2.8,0.0,0.0,4.8,0.0,0.0,1.0,0.0,0.0,24.0,0.0,0.0
Nepal,2014,2.1,0.7,0.8,30.1,42.0,42.2,11.3,11.0,13.4,37.4,56.2,57.0
Nepal,2011,1.5,1.6,1.5,29.1,28.4,29.8,11.2,10.0,12.3,40.5,39.5,41.3
Nepal,2006,0.6,0.6,0.6,38.8,39.8,37.7,12.7,12.4,13.0,49.3,49.6,49.1
Nepal,2001,0.7,0.7,0.6,43.0,43.7,42.3,11.3,10.3,12.4,57.1,57.1,57.1
Nepal,1996,1.0,0.7,1.3,42.9,42.5,43.3,15.1,14.2,15.9,56.6,56.4,56.8
Nepal,1995,1.2,0.7,0.8,44.1,42.0,42.2,7.5,11.0,13.4,64.5,56.2,57.0
Nepal,1975,0.3,0.1,0.4,60.8,60.3,61.3,15.2,11.9,18.2,75.0,75.1,74.9
Nepal,1997,1.0,0.7,0.8,40.9,42.2,42.2,11.5,11.0,13.4,55.2,56.2,57.0
Nepal,1998,1.0,0.7,0.8,40.9,42.2,42.2,11.5,11.0,13.4,55.2,56.2,57.0
Netherlands,1980,2.3,2.1,2.5,1.6,1.1,2.2,2.7,2.1,3.2,1.8,1.1,2.4
Nicaragua,2001,7.1,6.2,8.1,7.8,7.1,8.4,2.3,1.9,2.7,25.2,23.8,26.6
Nicaragua,1998,4.0,3.9,4.0,10.0,8.9,11.2,3.7,3.4,4.0,28.3,27.1,29.5
Nicaragua,1993,5.7,5.5,5.8,9.6,8.9,10.2,2.4,1.8,3.0,29.6,27.8,31.4
Nicaragua,2006,5.6,5.2,6.5,8.1,8.6,8.6,2.0,1.9,2.6,26.1,24.3,27.5
Nicaragua,2007,5.6,5.2,6.5,8.1,8.6,8.6,2.0,1.9,2.6,26.1,24.3,27.5
Nicaragua,2003,5.6,5.2,6.5,8.1,8.6,8.6,2.0,1.9,2.6,26.1,24.3,27.5
Nicaragua,2004,5.6,5.2,6.5,8.1,8.6,8.6,2.0,1.9,2.6,26.1,24.3,27.5
Nicaragua,2005,5.6,5.2,6.5,8.1,8.6,8.6,2.0,1.9,2.6,26.1,24.3,27.5
Nicaragua,1997,5.6,5.2,6.5,8.1,8.6,8.6,2.0,1.9,2.6,26.1,24.3,27.5
Nicaragua,1998,5.6,5.2,6.5,8.1,8.6,8.6,2.0,1.9,2.6,26.1,24.3,27.5
Nicaragua,1980,5.6,5.2,6.5,8.1,8.6,8.6,2.0,1.9,2.6,26.1,24.3,27.5
Nicaragua,1981,5.6,5.2,6.5,8.1,8.6,8.6,2.0,1.9,2.6,26.1,24.3,27.5
Nicaragua,1982,5.6,5.2,6.5,8.1,8.6,8.6,2.0,1.9,2.6,26.1,24.3,27.5
Niger,2012,3.0,2.5,3.4,37.9,37.1,38.7,18.7,17.8,19.7,43.0,41.1,44.8
Niger,2006,3.5,3.5,3.6,39.9,37.5,42.1,12.4,10.9,13.8,54.8,52.6,56.8
Niger,2000,1.6,1.4,1.9,43.6,42.4,44.7,16.2,14.4,17.9,54.2,51.9,56.2
Niger,1998,1.2,1.6,0.8,45.0,43.9,46.0,25.5,25.5,25.5,47.0,44.4,49.5
Niger,1992,2.0,1.9,2.1,41.0,39.7,42.1,18.9,18.2,19.5,48.3,46.2,50.2
Niger,1985,2.3,2.2,2.4,45.0,40.1,42.7,25.3,17.4,19.3,43.8,47.2,51.5
Nigeria,2014,1.8,1.8,1.8,19.8,18.3,21.3,7.9,7.1,8.7,32.9,30.8,34.9
Nigeria,2013,4.9,5.1,4.8,31.0,29.0,32.9,18.1,17.4,18.8,36.4,34.8,38.0
Nigeria,2011,3.0,2.7,3.2,24.4,24.1,24.6,10.2,9.5,11.0,36.0,35.0,37.0
Nigeria,2008,10.5,10.7,10.3,26.7,24.8,28.6,14.4,14.0,14.8,41.0,38.8,43.1
Nigeria,2007,13.3,13.1,13.5,25.7,24.2,27.2,13.4,12.9,13.8,42.8,41.2,44.3
Nigeria,2003,6.2,6.0,6.5,27.2,25.4,29.1,11.2,10.4,12.0,43.0,40.0,45.9
Nigeria,1999,6.1,6.1,6.2,27.3,25.6,28.7,17.6,11.8,13.1,39.7,38.5,42.2
Nigeria,1993,5.5,6.1,6.2,35.1,25.6,28.7,20.6,11.8,13.1,43.8,38.5,42.2
Nigeria,1990,3.2,3.2,3.2,35.1,33.3,37.0,11.8,11.0,12.6,50.5,49.2,52.0
Nigeria,1983,6.1,6.1,6.2,28.0,25.6,28.7,22.7,11.8,13.1,40.7,38.5,42.2
Oman,2014,4.4,1.7,1.3,9.7,8.4,11.5,7.5,6.1,8.0,14.1,12.1,17.3
Oman,2009,1.7,2.0,1.5,8.6,8.3,8.9,7.1,6.0,8.1,9.8,8.5,11.3
Oman,1999,1.6,1.5,1.7,11.3,10.9,11.7,7.3,6.1,8.3,12.9,11.5,14.2
Oman,1991,5.5,1.7,1.3,21.4,8.4,11.5,8.8,6.1,8.0,26.4,12.1,17.3
Oman,1994,2.9,1.7,1.3,12.2,11.5,11.5,7.5,6.1,8.0,16.9,12.1,17.3
Oman,1995,2.9,1.7,1.3,12.2,11.5,11.5,7.5,6.1,8.0,16.9,12.1,17.3
Pakistan,2011,6.4,6.1,6.6,30.9,30.4,31.4,14.8,14.1,15.5,43.0,42.0,43.8
Pakistan,2001,4.8,4.8,4.8,31.3,31.0,31.6,14.2,13.2,15.1,41.5,40.8,42.2
Pakistan,1995,5.3,4.7,4.5,34.2,32.9,34.3,15.5,12.9,14.7,51.4,43.7,46.9
Pakistan,1977,6.2,4.7,4.5,48.3,32.9,34.3,15.2,12.9,14.7,70.5,43.7,46.9
Pakistan,2012,5.3,4.7,4.5,36.9,34.3,34.3,15.5,12.9,14.7,51.4,43.7,46.9
Pakistan,2013,5.3,4.7,4.5,36.9,34.3,34.3,15.5,12.9,14.7,51.4,43.7,46.9
Pakistan,1990,5.3,4.7,4.5,36.9,34.3,34.3,15.5,12.9,14.7,51.4,43.7,46.9
Pakistan,1991,5.3,4.7,4.5,36.9,34.3,34.3,15.5,12.9,14.7,51.4,43.7,46.9
Pakistan,1992,5.3,4.7,4.5,36.9,34.3,34.3,15.5,12.9,14.7,51.4,43.7,46.9
Pakistan,1993,5.3,4.7,4.5,36.9,34.3,34.3,15.5,12.9,14.7,51.4,43.7,46.9
Pakistan,1994,5.3,4.7,4.5,36.9,34.3,34.3,15.5,12.9,14.7,51.4,43.7,46.9
Pakistan,1990,5.3,4.7,4.5,36.9,34.3,34.3,15.5,12.9,14.7,51.4,43.7,46.9
Pakistan,1991,5.3,4.7,4.5,36.9,34.3,34.3,15.5,12.9,14.7,51.4,43.7,46.9
Pakistan,1985,5.3,4.7,4.5,36.9,34.3,34.3,15.5,12.9,14.7,51.4,43.7,46.9
Pakistan,1986,5.3,4.7,4.5,36.9,34.3,34.3,15.5,12.9,14.7,51.4,43.7,46.9
Pakistan,1987,5.3,4.7,4.5,36.9,34.3,34.3,15.5,12.9,14.7,51.4,43.7,46.9
Panama,2008,6.6,6.2,6.2,3.9,5.2,2.8,1.2,1.4,1.1,19.1,18.9,19.5
Panama,2003,6.6,6.2,6.2,5.1,5.6,4.8,3.4,1.4,1.2,22.2,19.0,21.7
Panama,1997,6.2,6.2,6.2,6.3,5.9,6.7,1.4,1.4,1.4,21.5,19.1,23.9
Panama,1980,6.9,6.2,6.2,11.7,5.6,4.8,7.5,1.4,1.2,24.3,19.0,21.7
Papua New Guinea,2005,3.4,2.5,4.2,18.1,14.6,21.0,4.4,4.0,4.8,43.9,39.6,47.4
Papua New Guinea,2009,6.6,6.0,7.2,23.5,25.4,25.4,8.3,7.9,8.8,47.9,44.5,50.8
Papua New Guinea,2010,6.6,6.0,7.2,23.5,25.4,25.4,8.3,7.9,8.8,47.9,44.5,50.8
Papua New Guinea,2011,6.6,6.0,7.2,23.5,25.4,25.4,8.3,7.9,8.8,47.9,44.5,50.8
Papua New Guinea,1982,6.6,6.0,7.2,23.5,25.4,25.4,8.3,7.9,8.8,47.9,44.5,50.8
Papua New Guinea,1983,6.6,6.0,7.2,23.5,25.4,25.4,8.3,7.9,8.8,47.9,44.5,50.8
Paraguay,2005,7.1,8.3,9.6,3.4,2.8,2.5,1.1,1.9,1.3,17.5,13.4,15.8
Paraguay,1990,6.3,4.7,7.8,2.8,3.4,2.2,0.6,0.9,0.3,18.3,16.3,20.2
Paraguay,2011,8.4,8.3,9.6,2.9,2.5,2.5,1.4,1.9,1.3,15.6,13.4,15.8
Paraguay,2012,8.4,8.3,9.6,2.9,2.5,2.5,1.4,1.9,1.3,15.6,13.4,15.8
Peru,2014,9.1,8.3,10.4,3.1,2.9,3.3,0.6,0.5,0.7,14.6,13.4,15.7
Peru,2012,7.2,6.1,8.2,3.5,3.2,3.7,0.6,0.5,0.8,18.4,17.9,18.8
Peru,2011,8.9,7.4,10.4,4.2,4.3,4.1,0.4,0.2,0.5,19.6,19.0,20.1
Peru,2010,8.1,7.0,9.2,4.3,3.9,4.8,0.7,0.5,0.9,23.3,21.5,25.1
Peru,2009,10.3,8.9,11.6,4.3,3.7,4.9,0.6,0.5,0.7,23.9,23.0,24.8
Peru,2005,9.1,7.1,10.9,5.4,4.8,6.0,1.0,0.9,1.1,29.8,26.3,33.2
Peru,2000,11.8,10.7,12.9,5.2,5.1,5.2,1.1,1.1,1.2,31.3,30.1,32.5
Peru,1996,9.9,8.9,10.9,5.7,4.9,6.4,1.6,1.5,1.8,31.6,30.3,32.9
Peru,1984,9.1,8.3,10.4,11.7,4.5,5.3,1.3,0.8,1.1,43.9,24.3,27.3
Peru,2007,9.1,8.3,10.4,5.5,5.3,5.3,1.0,0.8,1.1,27.4,24.3,27.3
Peru,2008,9.1,8.3,10.4,5.5,5.3,5.3,1.0,0.8,1.1,27.4,24.3,27.3
Peru,2009,9.1,8.3,10.4,5.5,5.3,5.3,1.0,0.8,1.1,27.4,24.3,27.3
Peru,2010,9.1,8.3,10.4,5.5,5.3,5.3,1.0,0.8,1.1,27.4,24.3,27.3
Peru,2007,9.1,8.3,10.4,5.5,5.3,5.3,1.0,0.8,1.1,27.4,24.3,27.3
Peru,2008,9.1,8.3,10.4,5.5,5.3,5.3,1.0,0.8,1.1,27.4,24.3,27.3
Peru,1991,9.1,8.3,10.4,5.5,5.3,5.3,1.0,0.8,1.1,27.4,24.3,27.3
Peru,1992,9.1,8.3,10.4,5.5,5.3,5.3,1.0,0.8,1.1,27.4,24.3,27.3
Philippines,2011,4.3,3.9,4.7,20.2,20.3,20.1,7.3,7.1,7.5,33.6,32.2,34.9
Philippines,2008,3.3,2.9,3.6,20.7,20.6,20.9,6.9,6.4,7.4,32.3,31.1,33.5
Philippines,2003,2.4,2.2,2.7,20.7,21.3,20.3,6.0,5.5,6.5,33.8,31.9,35.5
Philippines,1998,1.9,3.4,4.1,28.3,20.7,20.2,8.0,6.6,7.4,38.3,31.1,33.9
Philippines,1993,2.8,3.4,4.1,26.3,20.7,20.2,9.1,6.6,7.4,38.9,31.1,33.9
Philippines,1992,1.7,3.4,4.1,29.8,20.7,20.2,8.8,6.6,7.4,40.9,31.1,33.9
Philippines,1987,2.8,3.4,4.1,29.3,20.7,20.2,5.7,6.6,7.4,44.7,31.1,33.9
Philippines,1982,2.8,3.4,4.1,29.6,20.7,20.2,6.1,6.6,7.4,48.7,31.1,33.9
Philippines,2013,2.8,3.4,4.1,27.3,20.2,20.2,7.5,6.6,7.4,40.5,31.1,33.9
Philippines,2014,2.8,3.4,4.1,27.3,20.2,20.2,7.5,6.6,7.4,40.5,31.1,33.9
Philippines,1989,2.8,3.4,4.1,27.3,20.2,20.2,7.5,6.6,7.4,40.5,31.1,33.9
Philippines,1990,2.8,3.4,4.1,27.3,20.2,20.2,7.5,6.6,7.4,40.5,31.1,33.9
Philippines,1971,2.8,3.4,4.1,27.3,20.2,20.2,7.5,6.6,7.4,40.5,31.1,33.9
Philippines,1972,2.8,3.4,4.1,27.3,20.2,20.2,7.5,6.6,7.4,40.5,31.1,33.9
Philippines,1973,2.8,3.4,4.1,27.3,20.2,20.2,7.5,6.6,7.4,40.5,31.1,33.9
Philippines,1974,2.8,3.4,4.1,27.3,20.2,20.2,7.5,6.6,7.4,40.5,31.1,33.9
Philippines,1975,2.8,3.4,4.1,27.3,20.2,20.2,7.5,6.6,7.4,40.5,31.1,33.9
Qatar,1995,10.4,0.0,0.0,4.8,0.0,0.0,2.1,0.0,0.0,11.6,0.0,0.0
Republic of Korea,2003,6.2,4.2,8.1,0.9,0.6,1.2,0.9,1.0,0.9,2.5,2.5,2.4
Republic of Korea,2008,6.5,4.7,8.1,0.8,1.1,1.1,0.9,0.8,1.1,2.5,2.6,2.4
Republic of Korea,2009,6.5,4.7,8.1,0.8,1.1,1.1,0.9,0.8,1.1,2.5,2.6,2.4
Republic of Korea,2010,6.5,4.7,8.1,0.8,1.1,1.1,0.9,0.8,1.1,2.5,2.6,2.4
Republic of Korea,2011,6.5,4.7,8.1,0.8,1.1,1.1,0.9,0.8,1.1,2.5,2.6,2.4
Republic of Moldova,2012,4.9,3.7,6.0,2.2,2.2,2.1,1.9,1.8,2.1,6.4,7.0,5.8
Republic of Moldova,2005,9.1,9.3,8.9,3.2,3.4,3.0,5.8,5.6,6.0,11.3,11.5,11.0
Romania,2002,8.3,8.1,8.6,3.5,2.9,4.0,3.5,3.4,3.6,12.8,11.1,14.4
Romania,2001,9.1,9.0,9.1,3.8,3.0,4.5,3.9,3.7,4.1,14.0,11.7,16.1
Romania,2000,8.9,8.5,9.4,3.7,2.8,4.5,4.3,3.9,4.7,12.8,10.8,14.8
Romania,1999,10.1,10.0,10.2,3.4,2.8,4.0,3.6,3.2,3.9,15.3,12.8,17.6
Romania,1991,4.0,8.9,9.3,5.0,2.9,4.2,3.3,3.5,4.1,11.2,11.6,15.7
Rwanda,2005,6.7,6.3,7.2,18.0,17.2,18.9,4.8,4.7,5.0,51.7,50.3,53.1
Rwanda,2000,7.2,7.0,7.5,22.2,18.3,22.4,8.2,8.2,9.2,47.5,45.9,50.8
Rwanda,1996,5.4,6.0,6.5,24.2,17.3,19.9,10.8,4.8,5.9,47.8,47.9,52.7
Rwanda,1992,4.0,3.6,4.3,24.3,23.2,25.3,5.0,4.1,6.0,56.8,54.2,59.4
Rwanda,1976,2.2,6.0,6.5,24.7,17.3,19.9,6.5,4.8,5.9,42.8,47.9,52.7
Rwanda,2010,5.4,6.0,6.5,18.2,19.9,19.9,5.9,4.8,5.9,42.4,47.9,52.7
Rwanda,2011,5.4,6.0,6.5,18.2,19.9,19.9,5.9,4.8,5.9,42.4,47.9,52.7
Saint Lucia,2012,6.3,0.0,0.0,2.8,0.0,0.0,3.7,0.0,0.0,2.5,0.0,0.0
Saint Lucia,1976,4.3,0.0,0.0,12.1,0.0,0.0,7.5,0.0,0.0,15.0,0.0,0.0
Samoa,1999,6.2,0.0,0.0,1.7,0.0,0.0,1.3,0.0,0.0,6.4,0.0,0.0
Sao Tome and Principe,2014,2.4,10.4,10.4,8.8,10.6,14.1,4.0,7.3,7.9,17.2,31.9,35.1
Sao Tome and Principe,2006,15.4,10.4,10.4,8.0,10.6,14.1,9.6,7.3,7.9,28.9,31.9,35.1
Sao Tome and Principe,2000,9.2,8.7,9.8,10.1,8.8,11.5,3.9,3.5,4.4,35.2,31.7,39.0
Sao Tome and Principe,1986,9.6,10.4,10.4,14.5,10.6,14.1,6.0,7.3,7.9,32.0,31.9,35.1
Sao Tome and Principe,2008,9.6,10.4,10.4,11.2,14.1,14.1,6.9,7.3,7.9,29.0,31.9,35.1
Sao Tome and Principe,2009,9.6,10.4,10.4,11.2,14.1,14.1,6.9,7.3,7.9,29.0,31.9,35.1
Saudi Arabia,1994,1.2,6.0,6.3,13.5,4.5,6.1,2.9,10.8,12.7,21.4,7.8,10.8
Saudi Arabia,2004,3.6,6.0,6.3,9.4,6.1,6.1,7.4,10.8,12.7,15.3,7.8,10.8
Saudi Arabia,2005,3.6,6.0,6.3,9.4,6.1,6.1,7.4,10.8,12.7,15.3,7.8,10.8
Senegal,2014,1.3,0.9,1.7,12.8,11.8,13.8,5.7,5.3,6.0,19.4,17.8,20.9
Senegal,2012,0.7,0.6,0.8,14.4,13.2,15.5,8.7,7.5,9.9,15.5,13.5,17.3
Senegal,2005,2.4,1.8,3.0,14.5,14.6,14.4,8.7,8.5,8.8,20.1,18.8,21.3
Senegal,2000,3.2,3.2,3.1,20.3,19.2,21.5,10.0,8.8,11.2,29.5,26.7,32.3
Senegal,1996,2.3,2.3,2.3,19.6,16.1,18.2,8.2,7.5,9.1,28.8,22.6,26.2
Senegal,1986,2.2,3.5,1.0,17.3,15.3,19.3,5.4,3.5,7.3,27.9,24.8,31.0
Senegal,2012,2.3,2.3,2.3,17.6,18.2,18.2,8.2,7.5,9.1,25.8,22.6,26.2
Senegal,2013,2.3,2.3,2.3,17.6,18.2,18.2,8.2,7.5,9.1,25.8,22.6,26.2
Senegal,2010,2.3,2.3,2.3,17.6,18.2,18.2,8.2,7.5,9.1,25.8,22.6,26.2
Senegal,2011,2.3,2.3,2.3,17.6,18.2,18.2,8.2,7.5,9.1,25.8,22.6,26.2
Senegal,1992,2.3,2.3,2.3,17.6,18.2,18.2,8.2,7.5,9.1,25.8,22.6,26.2
Senegal,1993,2.3,2.3,2.3,17.6,18.2,18.2,8.2,7.5,9.1,25.8,22.6,26.2
Senegal,1991,2.3,2.3,2.3,17.6,18.2,18.2,8.2,7.5,9.1,25.8,22.6,26.2
Senegal,1992,2.3,2.3,2.3,17.6,18.2,18.2,8.2,7.5,9.1,25.8,22.6,26.2
Serbia,2014,13.9,16.4,18.5,1.8,1.5,1.9,3.9,4.2,3.8,6.0,7.6,7.0
Serbia,2010,15.6,14.7,16.6,1.6,1.7,1.5,3.5,4.2,2.7,6.6,7.2,5.9
Serbia,2005,16.3,16.4,18.5,1.7,1.9,1.9,4.0,4.2,3.8,6.9,7.6,7.0
Serbia,2006,16.3,16.4,18.5,1.7,1.9,1.9,4.0,4.2,3.8,6.9,7.6,7.0
Seychelles,2012,10.2,0.0,0.0,3.6,0.0,0.0,4.3,0.0,0.0,7.9,0.0,0.0
Seychelles,1987,8.0,0,0,4.3,0,0,3.5,0,0,7.8,0,0
Seychelles,1988,8.0,0,0,4.3,0,0,3.5,0,0,7.8,0,0
Sierra Leone,2013,8.9,9.0,8.8,18.1,17.1,19.2,9.4,8.1,10.7,37.9,36.8,39.0
Sierra Leone,2010,5.9,6.0,5.7,19.9,18.1,21.7,8.4,7.4,9.3,38.8,35.7,41.9
Sierra Leone,2008,10.1,9.9,10.3,21.3,18.5,24.2,10.5,10.6,10.4,37.4,35.4,39.5
Sierra Leone,2005,5.9,5.5,6.3,28.3,26.0,30.7,10.2,8.7,11.7,46.9,44.9,49.0
Sierra Leone,2000,4.7,4.1,5.4,24.7,21.1,28.2,11.6,10.5,12.6,38.4,35.1,41.6
Sierra Leone,1990,7.3,5.2,6.6,25.4,16.8,20.9,10.2,7.4,9.0,40.9,32.9,36.9
Sierra Leone,1989,7.3,5.2,6.6,23.7,16.8,20.9,8.4,7.4,9.0,41.4,32.9,36.9
Sierra Leone,1977,7.3,5.2,6.6,20.7,20.9,20.9,9.4,7.4,9.0,37.8,32.9,36.9
Sierra Leone,1978,7.3,5.2,6.6,20.7,20.9,20.9,9.4,7.4,9.0,37.8,32.9,36.9
Sierra Leone,1974,7.3,5.2,6.6,20.7,20.9,20.9,9.4,7.4,9.0,37.8,32.9,36.9
Sierra Leone,1975,7.3,5.2,6.6,20.7,20.9,20.9,9.4,7.4,9.0,37.8,32.9,36.9
Singapore,2000,2.6,2.0,3.1,3.3,2.9,3.6,3.6,3.3,3.8,4.4,3.9,4.9
Singapore,1970,1.6,1.2,1.9,7.8,8.6,8.6,5.7,4.9,6.3,7.5,6.7,8.4
Singapore,1971,1.6,1.2,1.9,7.8,8.6,8.6,5.7,4.9,6.3,7.5,6.7,8.4
Singapore,1972,1.6,1.2,1.9,7.8,8.6,8.6,5.7,4.9,6.3,7.5,6.7,8.4
Singapore,1973,1.6,1.2,1.9,7.8,8.6,8.6,5.7,4.9,6.3,7.5,6.7,8.4
Singapore,1974,1.6,1.2,1.9,7.8,8.6,8.6,5.7,4.9,6.3,7.5,6.7,8.4
Singapore,1975,1.6,1.2,1.9,7.8,8.6,8.6,5.7,4.9,6.3,7.5,6.7,8.4
Singapore,1976,1.6,1.2,1.9,7.8,8.6,8.6,5.7,4.9,6.3,7.5,6.7,8.4
Singapore,1977,1.6,1.2,1.9,7.8,8.6,8.6,5.7,4.9,6.3,7.5,6.7,8.4
Solomon Islands,1989,1.9,1.5,2.3,16.3,14.2,18.1,7.4,6.4,8.3,33.7,31.7,35.5
Solomon Islands,1970,4.1,4.1,4.1,17.7,15.5,19.5,7.9,6.1,9.2,31.3,32.8,30.1
Solomon Islands,2006,2.8,2.8,3.2,15.2,18.8,18.8,6.5,6.2,8.8,32.6,32.2,32.8
Solomon Islands,2007,2.8,2.8,3.2,15.2,18.8,18.8,6.5,6.2,8.8,32.6,32.2,32.8
Somalia,2009,3.0,3.1,2.8,23.0,21.3,24.6,15.0,13.4,16.4,25.3,22.7,27.7
Somalia,2006,4.7,4.5,4.9,32.8,31.3,34.2,13.2,11.9,14.4,42.1,41.3,42.7
Somalia,2000,3.9,3.8,3.9,22.8,26.3,29.4,19.3,12.7,15.4,29.2,32.0,35.2
South Africa,2008,13.0,17.7,20.6,8.7,9.6,13.6,4.7,6.7,8.2,23.9,30.5,35.2
South Africa,1999,9.6,17.7,20.6,10.1,9.6,13.6,4.4,6.7,8.2,30.9,30.5,35.2
South Africa,2003,13.0,17.7,20.6,9.6,13.6,13.6,5.0,6.7,8.2,29.6,30.5,35.2
South Africa,2004,13.0,17.7,20.6,9.6,13.6,13.6,5.0,6.7,8.2,29.6,30.5,35.2
South Africa,1994,13.0,17.7,20.6,9.6,13.6,13.6,5.0,6.7,8.2,29.6,30.5,35.2
South Africa,1995,13.0,17.7,20.6,9.6,13.6,13.6,5.0,6.7,8.2,29.6,30.5,35.2
South Africa,1993,13.0,17.7,20.6,9.6,13.6,13.6,5.0,6.7,8.2,29.6,30.5,35.2
South Africa,1994,13.0,17.7,20.6,9.6,13.6,13.6,5.0,6.7,8.2,29.6,30.5,35.2
South Sudan,2010,6.0,5.9,6.1,27.6,24.5,30.4,22.7,19.7,25.7,31.1,28.9,33.1
South Sudan,2006,10.9,11.2,10.7,32.5,28.7,35.9,24.6,22.9,26.2,36.2,32.9,39.3
Sri Lanka,2012,0.6,0.4,0.7,26.3,26.8,25.7,21.4,20.5,22.3,14.7,14.6,14.8
Sri Lanka,2009,0.8,1.0,0.7,21.6,21.6,21.6,11.8,11.5,12.1,19.2,18.7,19.8
Sri Lanka,2000,1.0,1.2,0.8,22.8,23.8,22.0,15.5,14.3,16.5,18.4,19.9,17.0
Sri Lanka,1995,0.8,0.9,0.8,29.3,24.0,24.4,15.3,14.1,16.5,26.1,20.0,20.3
Sri Lanka,1993,0.8,0.9,0.8,33.8,24.0,24.4,17.5,14.1,16.5,29.7,20.0,20.3
Sri Lanka,1987,0.4,0.4,0.3,29.3,27.3,31.0,13.3,11.0,15.3,31.2,30.5,31.7
Sri Lanka,2006,0.8,0.9,0.8,29.2,24.4,24.4,15.7,14.1,16.5,25.9,20.0,20.3
Sri Lanka,2007,0.8,0.9,0.8,29.2,24.4,24.4,15.7,14.1,16.5,25.9,20.0,20.3
Sri Lanka,1977,0.8,0.9,0.8,29.2,24.4,24.4,15.7,14.1,16.5,25.9,20.0,20.3
Sri Lanka,1978,0.8,0.9,0.8,29.2,24.4,24.4,15.7,14.1,16.5,25.9,20.0,20.3
Sudan,2014,3.0,3.7,3.3,33.0,24.5,27.2,16.3,12.4,15.0,38.2,31.3,33.5
Sudan,2006,4.8,5.0,4.6,29.4,27.9,30.8,17.8,17.0,18.4,38.1,36.2,39.9
Sudan,2000,5.2,5.3,5.1,38.4,36.7,40.2,17.8,16.2,19.3,47.6,46.8,48.4
Sudan,1995,3.3,3.7,3.3,26.6,24.5,27.2,18.8,12.4,15.0,33.5,31.3,33.5
Sudan,1992,3.3,3.7,3.3,26.6,27.2,27.2,14.3,12.4,15.0,33.5,31.3,33.5
Sudan,1993,3.3,3.7,3.3,26.6,27.2,27.2,14.3,12.4,15.0,33.5,31.3,33.5
Suriname,2010,4.0,3.0,5.0,5.8,5.4,6.2,5.0,4.2,5.8,8.8,7.7,9.9
Suriname,2006,4.0,3.4,4.6,7.5,7.0,8.0,4.9,4.7,5.2,10.7,9.8,11.6
Suriname,1999,3.6,3.0,4.2,8.2,8.9,8.9,5.6,5.1,6.2,11.3,9.8,12.8
Suriname,2000,3.6,3.0,4.2,8.2,8.9,8.9,5.6,5.1,6.2,11.3,9.8,12.8
Swaziland,2014,9.0,12.0,12.6,5.8,6.5,7.5,2.0,1.8,1.9,25.5,29.4,35.3
Swaziland,2010,10.7,11.2,10.1,5.8,5.0,6.7,0.8,1.0,0.5,31.0,28.1,34.1
Swaziland,2008,11.5,12.0,12.6,7.3,6.5,7.5,1.1,1.8,1.9,40.4,29.4,35.3
Swaziland,2000,14.9,13.9,15.8,9.1,8.7,9.5,1.7,1.9,1.6,36.6,34.1,38.9
Swaziland,2006,11.5,12.0,12.6,7.1,7.5,7.5,1.6,1.8,1.9,33.2,29.4,35.3
Swaziland,2007,11.5,12.0,12.6,7.1,7.5,7.5,1.6,1.8,1.9,33.2,29.4,35.3
Swaziland,1983,11.5,12.0,12.6,7.1,7.5,7.5,1.6,1.8,1.9,33.2,29.4,35.3
Swaziland,1984,11.5,12.0,12.6,7.1,7.5,7.5,1.6,1.8,1.9,33.2,29.4,35.3
Syrian Arab Republic,2009,17.9,18.1,17.8,10.1,8.7,11.5,11.5,10.5,12.5,27.5,26.5,28.4
Syrian Arab Republic,2006,18.7,18.1,19.2,10.0,8.3,11.5,10.3,9.0,11.4,28.6,27.0,30.1
Syrian Arab Republic,2001,19.7,19.1,20.3,11.1,9.4,12.7,10.3,10.0,10.5,31.1,29.3,32.9
Syrian Arab Republic,2000,17.8,17.4,18.2,6.0,9.2,12.1,4.9,9.5,11.5,24.3,28.5,31.5
Syrian Arab Republic,1995,17.8,17.4,18.2,11.3,9.2,12.1,10.4,9.5,11.5,26.5,28.5,31.5
Syrian Arab Republic,1993,15.0,14.4,15.6,11.5,10.4,12.5,10.0,8.4,11.5,32.9,31.2,34.5
Tajikistan,2012,6.6,6.3,6.9,13.3,13.1,13.6,9.9,9.9,9.9,26.8,26.8,26.7
Tajikistan,2009,4.2,4.0,4.3,8.3,7.7,9.0,4.3,3.8,4.8,28.8,26.7,30.8
Tajikistan,2007,5.8,5.5,6.1,15.0,14.0,15.9,6.7,6.7,6.8,39.2,37.2,41.1
Tajikistan,2005,6.7,6.2,7.2,14.9,13.3,16.4,8.7,8.3,9.0,33.1,30.7,35.4
Tajikistan,2003,5.8,5.5,6.1,12.9,12.0,13.7,5.9,7.2,7.6,42.4,30.4,33.5
Tajikistan,2002,5.8,5.5,6.1,12.9,12.0,13.7,6.1,7.2,7.6,37.1,30.4,33.5
Tajikistan,2001,5.8,5.5,6.1,12.9,12.0,13.7,19.4,7.2,7.6,43.2,30.4,33.5
Tajikistan,2000,5.8,5.5,6.1,12.9,12.0,13.7,9.4,7.2,7.6,42.1,30.4,33.5
Tajikistan,1999,5.8,5.5,6.1,12.9,12.0,13.7,11.4,7.2,7.6,41.5,30.4,33.5
Thailand,2012,10.9,11.6,10.1,9.2,8.4,9.9,6.7,6.1,7.4,16.3,16.3,16.4
Thailand,1995,4.7,6.6,6.8,15.4,10.5,11.8,6.7,5.1,6.5,18.1,18.2,20.1
Thailand,1993,6.2,6.6,6.8,16.3,10.5,11.8,7.3,5.1,6.5,21.1,18.2,20.1
Thailand,1987,1.3,1.0,1.5,17.4,16.0,18.7,6.0,4.5,7.4,25.3,23.4,27.3
Thailand,2005,6.2,6.6,6.8,13.1,11.8,11.8,6.3,5.1,6.5,19.3,18.2,20.1
Thailand,2006,6.2,6.6,6.8,13.1,11.8,11.8,6.3,5.1,6.5,19.3,18.2,20.1
The former Yugoslav republic of Macedonia,2011,12.4,11.4,13.4,1.3,1.1,1.5,1.8,1.4,2.2,4.9,4.3,5.6
The former Yugoslav republic of Macedonia,2005,16.2,15.8,16.6,1.8,1.9,1.7,3.4,4.5,2.4,11.5,9.2,13.5
The former Yugoslav republic of Macedonia,2004,7.9,7.6,8.2,1.2,1.2,1.2,2.4,3.2,1.5,1.2,0.9,1.4
The former Yugoslav republic of Macedonia,1999,9.6,8.8,10.2,1.9,1.6,2.1,1.7,1.5,1.8,8.0,6.3,9.6
The former Yugoslav republic of Macedonia,2010,12.6,12.2,12.8,1.7,1.9,1.9,3.2,3.3,3.1,7.2,6.1,8.2
The former Yugoslav republic of Macedonia,2011,12.6,12.2,12.8,1.7,1.9,1.9,3.2,3.3,3.1,7.2,6.1,8.2
Timor-Leste,2013,1.5,1.4,1.5,37.7,36.3,39.0,11.0,9.0,12.9,50.2,47.2,53.1
Timor-Leste,2003,4.3,4.5,4.2,41.5,40.6,45.3,14.3,14.3,19.6,54.8,51.8,56.9
Timor-Leste,2002,5.7,6.5,5.0,40.6,38.1,43.0,13.7,11.4,15.9,55.7,52.9,58.4
Timor-Leste,2009,4.3,4.5,4.2,42.7,45.3,45.3,16.5,14.3,19.6,54.5,51.8,56.9
Timor-Leste,2010,4.3,4.5,4.2,42.7,45.3,45.3,16.5,14.3,19.6,54.5,51.8,56.9
Timor-Leste,2007,4.3,4.5,4.2,42.7,45.3,45.3,16.5,14.3,19.6,54.5,51.8,56.9
Timor-Leste,2008,4.3,4.5,4.2,42.7,45.3,45.3,16.5,14.3,19.6,54.5,51.8,56.9
Togo,2010,1.6,1.2,1.9,16.5,14.4,18.4,4.8,3.6,5.9,29.8,27.8,31.6
Togo,2008,2.5,2.6,3.0,20.5,20.5,20.5,6.0,5.9,6.1,26.9,25.2,28.4
Togo,2006,4.7,5.1,4.2,22.3,21.0,23.5,16.3,15.6,17.0,27.8,24.9,30.7
Togo,1998,2.6,2.1,3.1,23.2,20.9,25.5,13.9,14.4,13.4,29.8,25.6,34.3
Togo,1996,2.5,2.6,3.0,16.7,18.6,21.3,7.2,8.6,9.5,40.2,27.2,32.2
Togo,1988,3.2,2.5,3.9,21.4,19.7,22.6,6.0,6.3,6.9,38.2,32.8,40.4
Togo,2013,2.5,2.6,3.0,18.1,21.3,21.3,7.2,8.6,9.5,29.7,27.2,32.2
Togo,2014,2.5,2.6,3.0,18.1,21.3,21.3,7.2,8.6,9.5,29.7,27.2,32.2
Togo,1976,2.5,2.6,3.0,18.1,21.3,21.3,7.2,8.6,9.5,29.7,27.2,32.2
Togo,1977,2.5,2.6,3.0,18.1,21.3,21.3,7.2,8.6,9.5,29.7,27.2,32.2
Tonga,2012,17.3,0.0,18.6,1.9,0.0,2.1,5.2,0.0,5.4,8.1,0.0,9.1
Tonga,1986,17.3,0.0,12.4,1.9,0.0,1.4,1.3,0.0,3.6,2.2,0.0,6.1
Trinidad and Tobago,2000,4.9,6.2,3.8,4.4,4.3,4.4,5.2,4.6,5.8,5.3,3.5,7.0
Trinidad and Tobago,1987,4.0,3.8,4.3,4.7,4.7,4.7,3.5,3.6,3.5,5.7,5.2,6.3
Trinidad and Tobago,1976,8.2,5.0,4.0,14.3,4.5,4.6,11.7,4.1,4.7,16.9,4.3,6.7
Tunisia,2006,8.8,9.2,8.5,3.3,2.9,3.7,3.4,3.3,3.6,9.0,8.0,9.9
Tunisia,2000,9.6,10.8,11.7,3.5,7.9,7.9,2.9,3.1,3.8,16.8,22.3,22.5
Tunisia,1988,4.3,4.2,4.4,8.5,7.7,9.3,4.4,4.0,4.9,20.3,19.7,20.9
Tunisia,2011,9.6,10.8,11.7,6.6,7.9,7.9,3.9,3.1,3.8,20.1,22.3,22.5
Tunisia,2012,9.6,10.8,11.7,6.6,7.9,7.9,3.9,3.1,3.8,20.1,22.3,22.5
Tunisia,1996,9.6,10.8,11.7,6.6,7.9,7.9,3.9,3.1,3.8,20.1,22.3,22.5
Tunisia,1997,9.6,10.8,11.7,6.6,7.9,7.9,3.9,3.1,3.8,20.1,22.3,22.5
Tunisia,1994,9.6,10.8,11.7,6.6,7.9,7.9,3.9,3.1,3.8,20.1,22.3,22.5
Tunisia,1995,9.6,10.8,11.7,6.6,7.9,7.9,3.9,3.1,3.8,20.1,22.3,22.5
Tunisia,1973,9.6,10.8,11.7,6.6,7.9,7.9,3.9,3.1,3.8,20.1,22.3,22.5
Tunisia,1974,9.6,10.8,11.7,6.6,7.9,7.9,3.9,3.1,3.8,20.1,22.3,22.5
Tunisia,1975,9.6,10.8,11.7,6.6,7.9,7.9,3.9,3.1,3.8,20.1,22.3,22.5
Turkey,2008,7.2,6.3,8.1,1.7,5.2,5.3,0.8,2.2,2.6,12.3,16.6,17.6
Turkey,1998,4.0,3.5,4.4,7.0,7.1,7.0,3.0,2.6,3.4,19.1,18.8,19.5
Turkey,1995,7.2,6.3,8.1,9.0,5.2,5.3,2.1,2.2,2.6,16.1,16.6,17.6
Turkey,1993,5.0,4.2,5.7,8.7,7.9,9.5,3.8,3.6,4.0,24.1,23.0,25.1
Turkey,2013,7.2,6.3,8.1,5.3,5.3,5.3,2.1,2.2,2.6,16.1,16.6,17.6
Turkey,2014,7.2,6.3,8.1,5.3,5.3,5.3,2.1,2.2,2.6,16.1,16.6,17.6
Turkey,2003,7.2,6.3,8.1,5.3,5.3,5.3,2.1,2.2,2.6,16.1,16.6,17.6
Turkey,2004,7.2,6.3,8.1,5.3,5.3,5.3,2.1,2.2,2.6,16.1,16.6,17.6
Turkmenistan,2006,4.5,5.3,3.8,9.2,7.4,3.2,7.2,7.3,7.2,18.9,17.0,20.7
Turkmenistan,2000,4.5,5.3,3.8,10.5,7.4,3.2,7.1,7.3,7.2,28.1,17.0,20.7
Tuvalu,2007,6.3,0.0,0.0,1.6,0.0,0.0,3.3,0.0,0.0,10.0,0.0,0.0
Uganda,2011,3.8,3.1,4.5,14.1,12.8,15.4,4.8,4.8,4.8,33.7,30.1,37.3
Uganda,2006,4.9,4.7,5.0,16.4,14.6,18.2,6.3,4.9,7.7,38.7,36.1,41.2
Uganda,1995,5.1,4.6,5.6,21.5,19.4,23.8,7.0,6.0,7.9,45.0,41.6,48.5
Uganda,2000,4.5,4.1,4.8,18.1,19.8,19.8,5.2,4.5,6.0,42.0,38.7,45.2
Uganda,2001,4.5,4.1,4.8,18.1,19.8,19.8,5.2,4.5,6.0,42.0,38.7,45.2
Uganda,1988,4.5,4.1,4.8,18.1,19.8,19.8,5.2,4.5,6.0,42.0,38.7,45.2
Uganda,1989,4.5,4.1,4.8,18.1,19.8,19.8,5.2,4.5,6.0,42.0,38.7,45.2
Ukraine,2002,26.5,25.5,27.3,0.9,3.5,4.8,0.3,7.9,8.5,4.3,22.8,22.9
Ukraine,2000,26.5,25.5,27.3,4.1,3.5,4.8,8.2,7.9,8.5,22.9,22.8,22.9
United Kingdom of Great Britain and Northern Ireland,1973,4.9,0,0,1.9,0,0,1.4,0,0,3.9,0,0
United Kingdom of Great Britain and Northern Ireland,1974,4.9,0,0,1.9,0,0,1.4,0,0,3.9,0,0
United Kingdom of Great Britain and Northern Ireland,1975,4.9,0,0,1.9,0,0,1.4,0,0,3.9,0,0
United Kingdom of Great Britain and Northern Ireland,1976,4.9,0,0,1.9,0,0,1.4,0,0,3.9,0,0
United Kingdom of Great Britain and Northern Ireland,1977,4.9,0,0,1.9,0,0,1.4,0,0,3.9,0,0
United Kingdom of Great Britain and Northern Ireland,1978,4.9,0,0,1.9,0,0,1.4,0,0,3.9,0,0
United Kingdom of Great Britain and Northern Ireland,1979,4.9,0,0,1.9,0,0,1.4,0,0,3.9,0,0
United Republic of Tanzania,1999,3.3,1.8,4.7,25.3,26.8,23.8,5.6,5.1,6.1,48.3,45.5,51.0
United Republic of Tanzania,1996,4.6,4.2,5.0,26.9,25.3,28.4,8.5,7.3,9.6,49.7,46.7,52.5
United Republic of Tanzania,2010,4.8,4.2,5.4,20.0,20.9,20.9,5.7,5.1,6.2,44.6,42.2,47.1
United Republic of Tanzania,2011,4.8,4.2,5.4,20.0,20.9,20.9,5.7,5.1,6.2,44.6,42.2,47.1
United Republic of Tanzania,2009,4.8,4.2,5.4,20.0,20.9,20.9,5.7,5.1,6.2,44.6,42.2,47.1
United Republic of Tanzania,2010,4.8,4.2,5.4,20.0,20.9,20.9,5.7,5.1,6.2,44.6,42.2,47.1
United Republic of Tanzania,2008,4.8,4.2,5.4,20.0,20.9,20.9,5.7,5.1,6.2,44.6,42.2,47.1
United Republic of Tanzania,2009,4.8,4.2,5.4,20.0,20.9,20.9,5.7,5.1,6.2,44.6,42.2,47.1
United Republic of Tanzania,2004,4.8,4.2,5.4,20.0,20.9,20.9,5.7,5.1,6.2,44.6,42.2,47.1
United Republic of Tanzania,2005,4.8,4.2,5.4,20.0,20.9,20.9,5.7,5.1,6.2,44.6,42.2,47.1
United Republic of Tanzania,1991,4.8,4.2,5.4,20.0,20.9,20.9,5.7,5.1,6.2,44.6,42.2,47.1
United Republic of Tanzania,1992,4.8,4.2,5.4,20.0,20.9,20.9,5.7,5.1,6.2,44.6,42.2,47.1
United States of America,2011,6.6,7.0,7.1,1.1,1.1,1.1,0.9,0.5,0.6,3.2,2.4,3.7
United States of America,2012,6.6,7.0,7.1,1.1,1.1,1.1,0.9,0.5,0.6,3.2,2.4,3.7
United States of America,2007,6.6,7.0,7.1,1.1,1.1,1.1,0.9,0.5,0.6,3.2,2.4,3.7
United States of America,2008,6.6,7.0,7.1,1.1,1.1,1.1,0.9,0.5,0.6,3.2,2.4,3.7
United States of America,2009,6.6,7.0,7.1,1.1,1.1,1.1,0.9,0.5,0.6,3.2,2.4,3.7
United States of America,2010,6.6,7.0,7.1,1.1,1.1,1.1,0.9,0.5,0.6,3.2,2.4,3.7
United States of America,2003,6.6,7.0,7.1,1.1,1.1,1.1,0.9,0.5,0.6,3.2,2.4,3.7
United States of America,2004,6.6,7.0,7.1,1.1,1.1,1.1,0.9,0.5,0.6,3.2,2.4,3.7
United States of America,2005,6.6,7.0,7.1,1.1,1.1,1.1,0.9,0.5,0.6,3.2,2.4,3.7
United States of America,2006,6.6,7.0,7.1,1.1,1.1,1.1,0.9,0.5,0.6,3.2,2.4,3.7
United States of America,1999,6.6,7.0,7.1,1.1,1.1,1.1,0.9,0.5,0.6,3.2,2.4,3.7
United States of America,2000,6.6,7.0,7.1,1.1,1.1,1.1,0.9,0.5,0.6,3.2,2.4,3.7
United States of America,2001,6.6,7.0,7.1,1.1,1.1,1.1,0.9,0.5,0.6,3.2,2.4,3.7
United States of America,2002,6.6,7.0,7.1,1.1,1.1,1.1,0.9,0.5,0.6,3.2,2.4,3.7
United States of America,2003,6.6,7.0,7.1,1.1,1.1,1.1,0.9,0.5,0.6,3.2,2.4,3.7
United States of America,2004,6.6,7.0,7.1,1.1,1.1,1.1,0.9,0.5,0.6,3.2,2.4,3.7
United States of America,1999,6.6,7.0,7.1,1.1,1.1,1.1,0.9,0.5,0.6,3.2,2.4,3.7
United States of America,2000,6.6,7.0,7.1,1.1,1.1,1.1,0.9,0.5,0.6,3.2,2.4,3.7
United States of America,2001,6.6,7.0,7.1,1.1,1.1,1.1,0.9,0.5,0.6,3.2,2.4,3.7
United States of America,2002,6.6,7.0,7.1,1.1,1.1,1.1,0.9,0.5,0.6,3.2,2.4,3.7
United States of America,1988,6.6,7.0,7.1,1.1,1.1,1.1,0.9,0.5,0.6,3.2,2.4,3.7
United States of America,1989,6.6,7.0,7.1,1.1,1.1,1.1,0.9,0.5,0.6,3.2,2.4,3.7
United States of America,1990,6.6,7.0,7.1,1.1,1.1,1.1,0.9,0.5,0.6,3.2,2.4,3.7
United States of America,1991,6.6,7.0,7.1,1.1,1.1,1.1,0.9,0.5,0.6,3.2,2.4,3.7
United States of America,1992,6.6,7.0,7.1,1.1,1.1,1.1,0.9,0.5,0.6,3.2,2.4,3.7
United States of America,1993,6.6,7.0,7.1,1.1,1.1,1.1,0.9,0.5,0.6,3.2,2.4,3.7
United States of America,1994,6.6,7.0,7.1,1.1,1.1,1.1,0.9,0.5,0.6,3.2,2.4,3.7
United States of America,1963,6.6,7.0,7.1,1.1,1.1,1.1,0.9,0.5,0.6,3.2,2.4,3.7
United States of America,1964,6.6,7.0,7.1,1.1,1.1,1.1,0.9,0.5,0.6,3.2,2.4,3.7
United States of America,1965,6.6,7.0,7.1,1.1,1.1,1.1,0.9,0.5,0.6,3.2,2.4,3.7
United States of America,1966,6.6,7.0,7.1,1.1,1.1,1.1,0.9,0.5,0.6,3.2,2.4,3.7
United States of America,1967,6.6,7.0,7.1,1.1,1.1,1.1,0.9,0.5,0.6,3.2,2.4,3.7
United States of America,1968,6.6,7.0,7.1,1.1,1.1,1.1,0.9,0.5,0.6,3.2,2.4,3.7
United States of America,1969,6.6,7.0,7.1,1.1,1.1,1.1,0.9,0.5,0.6,3.2,2.4,3.7
United States of America,1970,6.6,7.0,7.1,1.1,1.1,1.1,0.9,0.5,0.6,3.2,2.4,3.7
United States of America,1971,6.6,7.0,7.1,1.1,1.1,1.1,0.9,0.5,0.6,3.2,2.4,3.7
United States of America,1972,6.6,7.0,7.1,1.1,1.1,1.1,0.9,0.5,0.6,3.2,2.4,3.7
United States of America,1973,6.6,7.0,7.1,1.1,1.1,1.1,0.9,0.5,0.6,3.2,2.4,3.7
United States of America,1974,6.6,7.0,7.1,1.1,1.1,1.1,0.9,0.5,0.6,3.2,2.4,3.7
United States of America,1975,6.6,7.0,7.1,1.1,1.1,1.1,0.9,0.5,0.6,3.2,2.4,3.7
Uruguay,2011,7.7,7.6,7.8,4.5,4.2,4.8,1.1,1.0,1.1,11.7,10.3,13.2
Uruguay,2007,8.4,7.2,9.5,4.7,3.2,6.1,2.2,1.4,2.9,11.8,10.2,13.4
Uruguay,2004,9.4,8.6,10.1,6.0,5.3,6.7,3.0,2.9,3.0,13.9,11.7,16.1
Uruguay,2003,12.2,11.0,13.4,5.7,4.9,6.5,2.4,1.6,3.1,17.2,14.9,19.4
Uruguay,2002,10.0,9.8,10.2,5.4,4.9,5.9,2.4,2.2,2.6,14.7,13.5,15.8
Uruguay,1999,9.6,8.6,10.6,5.2,4.2,6.1,2.0,1.5,2.5,13.9,11.9,15.9
Uruguay,1987,9.6,8.8,10.3,6.5,4.5,6.0,2.2,1.8,2.5,21.0,12.1,15.6
Uzbekistan,2006,12.8,12.5,13.1,4.4,4.3,4.6,4.5,3.7,5.3,19.6,19.7,19.5
Uzbekistan,2002,11.1,10.7,11.5,7.1,6.2,7.8,8.9,9.1,8.7,25.3,24.3,26.2
Uzbekistan,1996,18.5,18.8,18.2,15.3,13.7,16.8,13.7,14.0,13.5,39.0,34.7,43.2
Vanuatu,2013,4.6,4.0,5.4,10.7,9.0,14.1,4.4,5.5,6.2,28.5,20.0,31.2
Vanuatu,2007,4.7,4.0,5.4,11.7,9.0,14.1,5.9,5.5,6.2,25.9,20.0,31.2
Vanuatu,1996,4.7,4.0,5.4,10.6,9.0,14.1,6.8,5.5,6.2,25.7,20.0,31.2
Vanuatu,1983,4.7,4.0,5.4,17.3,9.0,14.1,5.7,5.5,6.2,24.6,20.0,31.2
Venezuela (Bolivarian Republic of),2009,6.4,0.0,0.0,2.9,0.0,0.0,4.1,0.0,0.0,13.4,0.0,0.0
Venezuela (Bolivarian Republic of),2008,6.3,0.0,0.0,3.2,0.0,0.0,4.5,0.0,0.0,14.6,0.0,0.0
Venezuela (Bolivarian Republic of),2007,6.1,0.0,0.0,3.7,0.0,0.0,5.0,0.0,0.0,15.6,0.0,0.0
Venezuela (Bolivarian Republic of),2006,6.1,0.0,0.0,3.9,0.0,0.0,4.8,0.0,0.0,16.2,0.0,0.0
Venezuela (Bolivarian Republic of),2005,5.5,0.0,0.0,4.1,0.0,0.0,4.8,0.0,0.0,16.2,0.0,0.0
Venezuela (Bolivarian Republic of),2004,5.2,0.0,0.0,4.5,0.0,0.0,5.2,0.0,0.0,17.1,0.0,0.0
Venezuela (Bolivarian Republic of),2003,5.3,0.0,0.0,4.6,0.0,0.0,5.2,0.0,0.0,17.7,0.0,0.0
Venezuela (Bolivarian Republic of),2002,5.4,0.0,0.0,4.2,0.0,0.0,4.8,0.0,0.0,17.6,0.0,0.0
Venezuela (Bolivarian Republic of),2001,5.4,0.0,0.0,4.0,0.0,0.0,4.4,0.0,0.0,17.3,0.0,0.0
Venezuela (Bolivarian Republic of),2000,5.3,0.0,0.0,3.9,0.0,0.0,3.9,0.0,0.0,17.4,0.0,0.0
Venezuela (Bolivarian Republic of),1999,5.2,0.0,0.0,4.1,0.0,0.0,4.0,0.0,0.0,18.3,0.0,0.0
Venezuela (Bolivarian Republic of),1998,4.9,0.0,0.0,4.6,0.0,0.0,4.4,0.0,0.0,19.2,0.0,0.0
Venezuela (Bolivarian Republic of),1997,5.0,0.0,0.0,4.5,0.0,0.0,3.8,0.0,0.0,19.9,0.0,0.0
Venezuela (Bolivarian Republic of),1996,4.7,0.0,0.0,4.4,0.0,0.0,3.8,0.0,0.0,19.3,0.0,0.0
Venezuela (Bolivarian Republic of),1995,4.7,0.0,0.0,4.1,0.0,0.0,3.8,0.0,0.0,18.9,0.0,0.0
Venezuela (Bolivarian Republic of),1994,5.0,0.0,0.0,3.9,0.0,0.0,3.8,0.0,0.0,17.9,0.0,0.0
Venezuela (Bolivarian Republic of),1993,4.9,0.0,0.0,4.0,0.0,0.0,4.0,0.0,0.0,17.4,0.0,0.0
Venezuela (Bolivarian Republic of),1992,4.9,0.0,0.0,4.5,0.0,0.0,4.3,0.0,0.0,18.3,0.0,0.0
Venezuela (Bolivarian Republic of),1991,4.3,0.0,0.0,5.4,0.0,0.0,4.5,0.0,0.0,18.2,0.0,0.0
Venezuela (Bolivarian Republic of),1990,4.0,0.0,0.0,6.7,0.0,0.0,5.7,0.0,0.0,18.6,0.0,0.0
Venezuela (Bolivarian Republic of),1987,9.0,0.0,0.0,3.9,0.0,0.0,2.2,0.0,0.0,7.0,0.0,0.0
Venezuela (Bolivarian Republic of),1981,5.4,0,0,4.5,0,0,4.2,0,0,16.6,0,0
Venezuela (Bolivarian Republic of),1982,5.4,0,0,4.5,0,0,4.2,0,0,16.6,0,0
Viet Nam,2013,4.6,2.2,2.8,12.1,21.9,22.7,5.7,7.9,9.2,19.4,32.7,35.4
Viet Nam,2008,3.0,2.5,3.4,20.2,19.9,20.5,9.7,9.1,10.2,30.5,29.0,31.9
Viet Nam,2007,2.9,2.5,3.2,22.6,22.0,23.2,10.1,9.3,10.8,32.2,30.4,33.9
Viet Nam,2006,3.1,2.6,3.5,21.1,21.9,22.2,9.2,9.3,10.5,33.8,30.5,33.1
Viet Nam,2005,2.6,2.3,2.9,22.7,22.6,22.9,10.7,10.0,11.3,33.2,31.5,34.7
Viet Nam,2004,2.7,2.2,3.0,23.8,23.5,24.1,11.3,10.5,11.9,33.7,32.0,35.4
Viet Nam,2003,2.2,1.9,2.4,24.6,24.2,25.1,10.9,10.2,11.5,35.4,33.7,36.9
Viet Nam,2002,2.6,2.3,2.8,23.4,23.0,23.9,8.9,8.3,9.5,37.5,36.2,38.8
Viet Nam,2000,3.1,2.5,2.5,28.9,27.1,29.1,9.0,7.2,9.4,43.0,41.0,44.6
Viet Nam,1999,1.9,1.6,2.0,31.9,30.3,31.9,11.3,9.9,12.0,44.2,42.0,45.4
Viet Nam,1998,1.4,2.2,2.8,35.8,21.9,22.7,11.9,7.9,9.2,42.1,32.7,35.4
Viet Nam,1994,2.4,2.2,2.8,40.6,21.9,22.7,13.5,7.9,9.2,52.5,32.7,35.4
Viet Nam,2010,2.4,2.2,2.8,22.6,22.7,22.7,7.9,7.9,9.2,33.3,32.7,35.4
Viet Nam,2011,2.4,2.2,2.8,22.6,22.7,22.7,7.9,7.9,9.2,33.3,32.7,35.4
Viet Nam,2009,2.4,2.2,2.8,22.6,22.7,22.7,7.9,7.9,9.2,33.3,32.7,35.4
Viet Nam,2010,2.4,2.2,2.8,22.6,22.7,22.7,7.9,7.9,9.2,33.3,32.7,35.4
Viet Nam,1992,2.4,2.2,2.8,22.6,22.7,22.7,7.9,7.9,9.2,33.3,32.7,35.4
Viet Nam,1993,2.4,2.2,2.8,22.6,22.7,22.7,7.9,7.9,9.2,33.3,32.7,35.4
Viet Nam,1987,2.4,2.2,2.8,22.6,22.7,22.7,7.9,7.9,9.2,33.3,32.7,35.4
Viet Nam,1988,2.4,2.2,2.8,22.6,22.7,22.7,7.9,7.9,9.2,33.3,32.7,35.4
Viet Nam,1989,2.4,2.2,2.8,22.6,22.7,22.7,7.9,7.9,9.2,33.3,32.7,35.4
Viet Nam,1983,2.4,2.2,2.8,22.6,22.7,22.7,7.9,7.9,9.2,33.3,32.7,35.4
Viet Nam,1984,2.4,2.2,2.8,22.6,22.7,22.7,7.9,7.9,9.2,33.3,32.7,35.4
Yemen,2013,2.5,2.5,2.5,39.9,39.0,40.9,16.2,14.6,17.8,46.8,45.6,47.9
Yemen,2011,1.5,1.6,1.4,35.5,33.7,37.1,13.3,11.7,14.8,46.6,46.2,47.0
Yemen,2003,5.0,5.3,4.6,43.1,41.8,44.3,15.2,13.6,16.8,57.7,56.9,58.5
Yemen,1997,3.7,3.8,3.7,47.6,45.8,49.2,16.5,15.4,17.6,59.3,58.3,60.3
Yemen,1996,6.9,4.8,3.4,34.2,37.6,40.5,17.4,13.6,16.6,50.4,52.8,52.0
Yemen,1991,4.6,4.8,3.4,38.3,40.5,40.5,15.5,13.6,16.6,52.2,52.8,52.0
Yemen,1992,4.6,4.8,3.4,38.3,40.5,40.5,15.5,13.6,16.6,52.2,52.8,52.0
Zambia,2007,8.4,8.2,8.6,14.9,13.0,16.9,5.6,5.2,6.0,45.8,42.9,48.8
Zambia,1999,12.3,12.9,11.8,19.6,16.7,22.2,5.7,5.2,6.2,57.9,55.7,59.9
Zambia,1995,7.3,7.1,7.5,18.9,17.3,20.5,5.9,5.5,6.4,58.1,46.3,50.8
Zambia,1992,4.7,4.2,5.2,21.2,20.1,22.4,6.3,6.2,6.4,46.4,43.3,49.7
Zambia,2013,7.3,7.1,7.5,18.9,20.5,20.5,5.9,5.5,6.4,49.9,46.3,50.8
Zambia,2014,7.3,7.1,7.5,18.9,20.5,20.5,5.9,5.5,6.4,49.9,46.3,50.8
Zambia,2001,7.3,7.1,7.5,18.9,20.5,20.5,5.9,5.5,6.4,49.9,46.3,50.8
Zambia,2002,7.3,7.1,7.5,18.9,20.5,20.5,5.9,5.5,6.4,49.9,46.3,50.8
Zambia,1996,7.3,7.1,7.5,18.9,20.5,20.5,5.9,5.5,6.4,49.9,46.3,50.8
Zambia,1997,7.3,7.1,7.5,18.9,20.5,20.5,5.9,5.5,6.4,49.9,46.3,50.8
Zimbabwe,2014,3.6,6.3,7.6,11.2,9.8,12.5,3.3,2.9,3.7,27.6,24.1,31.1
Zimbabwe,2009,3.5,2.7,4.3,12.7,11.3,14.1,3.8,3.2,4.3,35.1,32.3,37.8
Zimbabwe,1999,10.6,10.2,11.0,11.5,10.4,12.6,8.5,8.1,8.9,33.7,31.7,35.6
Zimbabwe,1994,7.6,7.6,7.5,11.7,9.8,13.6,6.3,6.0,6.7,28.9,26.4,31.6
Zimbabwe,1988,5.4,3.9,6.8,8.0,7.2,8.7,1.7,1.6,1.7,31.0,28.8,33.1
Zimbabwe,1987,6.5,6.3,7.6,10.5,10.0,12.6,4.9,4.5,5.2,32.1,29.3,34.8
Zimbabwe,2010,6.5,6.3,7.6,11.2,12.6,12.6,4.9,4.5,5.2,32.1,29.3,34.8
Zimbabwe,2011,6.5,6.3,7.6,11.2,12.6,12.6,4.9,4.5,5.2,32.1,29.3,34.8
Zimbabwe,2005,6.5,6.3,7.6,11.2,12.6,12.6,4.9,4.5,5.2,32.1,29.3,34.8
Zimbabwe,2006,6.5,6.3,7.6,11.2,12.6,12.6,4.9,4.5,5.2,32.1,29.3,34.8
